LocationId,CityId,Longitude,Latitude,LocationName,TimeZone,LocationActive,CreatedAt_x,ModifiedAt_x,StateId,CityName,SubLocationId,SubLocationTyId,SubLocationName,SubLocationActive,CreatedAt_y,ModifiedAt_y
3D88CBEA-06B9-4463-13B3-08DC43934FB8,761AC964-F254-4E4B-0865-08DC439261D4,-106.110813311255,28.6222539064766,Juventud,America/Chihuahua,1,2024-03-13 19:25:15.7995493,2024-03-13 19:25:15.7995493,E30541D0-B009-4D73-E19A-08DC43924EB2,Chihuahua,C7397134-6D3F-4FB3-34A8-08DC43941E6D,AB7D11A8-2F18-44CF-449B-08DC43939793,Comedor 1,1,2024-03-13 19:31:02.5444210,2024-03-13 19:31:02.5444210
3D88CBEA-06B9-4463-13B3-08DC43934FB8,761AC964-F254-4E4B-0865-08DC439261D4,-106.110813311255,28.6222539064766,Juventud,America/Chihuahua,1,2024-03-13 19:25:15.7995493,2024-03-13 19:25:15.7995493,E30541D0-B009-4D73-E19A-08DC43924EB2,Chihuahua,271DC565-7852-4372-34A9-08DC43941E6D,504235CA-6D9A-42F5-449C-08DC43939793,Cocina 1,1,2024-03-13 19:32:01.2323636,2024-03-13 19:32:01.2323636
3D88CBEA-06B9-4463-13B3-08DC43934FB8,761AC964-F254-4E4B-0865-08DC439261D4,-106.110813311255,28.6222539064766,Juventud,America/Chihuahua,1,2024-03-13 19:25:15.7995493,2024-03-13 19:25:15.7995493,E30541D0-B009-4D73-E19A-08DC43924EB2,Chihuahua,A643E277-B0F6-49DB-34AA-08DC43941E6D,C60279C4-892E-4722-4498-08DC43939793,Cuarto de conservación 1,1,2024-03-13 19:32:19.3366384,2024-03-13 19:32:19.3366384
3D88CBEA-06B9-4463-13B3-08DC43934FB8,761AC964-F254-4E4B-0865-08DC439261D4,-106.110813311255,28.6222539064766,Juventud,America/Chihuahua,1,2024-03-13 19:25:15.7995493,2024-03-13 19:25:15.7995493,E30541D0-B009-4D73-E19A-08DC43924EB2,Chihuahua,7A6F2526-8BD4-4589-34AB-08DC43941E6D,4B4F2D88-0068-4168-4499-08DC43939793,Cuarto de congelación 1,1,2024-03-13 19:32:30.6785769,2024-03-13 19:32:30.6785769
3D88CBEA-06B9-4463-13B3-08DC43934FB8,761AC964-F254-4E4B-0865-08DC439261D4,-106.110813311255,28.6222539064766,Juventud,America/Chihuahua,1,2024-03-13 19:25:15.7995493,2024-03-13 19:25:15.7995493,E30541D0-B009-4D73-E19A-08DC43924EB2,Chihuahua,FC229865-D43A-4F2E-34AC-08DC43941E6D,E8C9C0D8-D1FE-43D7-449A-08DC43939793,Cuarto de Máquinas,1,2024-03-13 19:32:42.2698376,2024-03-13 19:32:42.2698376
3D88CBEA-06B9-4463-13B3-08DC43934FB8,761AC964-F254-4E4B-0865-08DC439261D4,-106.110813311255,28.6222539064766,Juventud,America/Chihuahua,1,2024-03-13 19:25:15.7995493,2024-03-13 19:25:15.7995493,E30541D0-B009-4D73-E19A-08DC43924EB2,Chihuahua,DF7A5A54-7E50-4FF5-34AD-08DC43941E6D,FF7305F1-5C6D-4D97-449D-08DC43939793,PlayLand 1,1,2024-03-13 19:32:53.7132488,2024-03-13 19:32:53.7132488
3D88CBEA-06B9-4463-13B3-08DC43934FB8,761AC964-F254-4E4B-0865-08DC439261D4,-106.110813311255,28.6222539064766,Juventud,America/Chihuahua,1,2024-03-13 19:25:15.7995493,2024-03-13 19:25:15.7995493,E30541D0-B009-4D73-E19A-08DC43924EB2,Chihuahua,69B4FB6D-4CA4-4F12-5071-08DC48553496,14792C61-90B0-42AB-A882-08DC48551DA6,Almacén de secos,1,2024-03-19 20:43:17.1610090,2024-03-19 20:43:17.1610090
3D88CBEA-06B9-4463-13B3-08DC43934FB8,761AC964-F254-4E4B-0865-08DC439261D4,-106.110813311255,28.6222539064766,Juventud,America/Chihuahua,1,2024-03-13 19:25:15.7995493,2024-03-13 19:25:15.7995493,E30541D0-B009-4D73-E19A-08DC43924EB2,Chihuahua,8F75A203-C4D7-4AF2-5072-08DC48553496,83C0E3BD-89D9-40A2-A883-08DC48551DA6,Pasillo de servicio 2,1,2024-03-19 20:46:32.7471420,2024-03-19 20:46:32.7471420
3D88CBEA-06B9-4463-13B3-08DC43934FB8,761AC964-F254-4E4B-0865-08DC439261D4,-106.110813311255,28.6222539064766,Juventud,America/Chihuahua,1,2024-03-13 19:25:15.7995493,2024-03-13 19:25:15.7995493,E30541D0-B009-4D73-E19A-08DC43924EB2,Chihuahua,AEB76457-F970-4BA8-5073-08DC48553496,A1B60972-7931-4277-A884-08DC48551DA6,Azotea 1,1,2024-03-19 20:47:54.1215680,2024-03-19 20:47:54.1215680
3D88CBEA-06B9-4463-13B3-08DC43934FB8,761AC964-F254-4E4B-0865-08DC439261D4,-106.110813311255,28.6222539064766,Juventud,America/Chihuahua,1,2024-03-13 19:25:15.7995493,2024-03-13 19:25:15.7995493,E30541D0-B009-4D73-E19A-08DC43924EB2,Chihuahua,65DD770A-9C84-4B1F-6C3B-08DC84AC8408,05C9E34D-7ED7-408B-6B12-08DC84AC71AC,Cuarto de gerencia 1,1,2024-06-04 15:39:26.5041022,2024-06-04 15:39:26.5041022
3D88CBEA-06B9-4463-13B3-08DC43934FB8,761AC964-F254-4E4B-0865-08DC439261D4,-106.110813311255,28.6222539064766,Juventud,America/Chihuahua,1,2024-03-13 19:25:15.7995493,2024-03-13 19:25:15.7995493,E30541D0-B009-4D73-E19A-08DC43924EB2,Chihuahua,726CEE82-5571-4AB0-6C3C-08DC84AC8408,980F3D05-4C1F-458E-6B13-08DC84AC71AC,Máquina de sodas 1,1,2024-06-04 16:01:19.5483952,2024-06-04 16:01:19.5483952
3D88CBEA-06B9-4463-13B3-08DC43934FB8,761AC964-F254-4E4B-0865-08DC439261D4,-106.110813311255,28.6222539064766,Juventud,America/Chihuahua,1,2024-03-13 19:25:15.7995493,2024-03-13 19:25:15.7995493,E30541D0-B009-4D73-E19A-08DC43924EB2,Chihuahua,B6298C92-209A-4D02-6C3D-08DC84AC8408,6EECD20E-FEC8-4CE9-6B14-08DC84AC71AC,Luminarias exteriores 1,1,2024-06-04 16:08:26.0828952,2024-06-04 16:08:26.0828952
3D88CBEA-06B9-4463-13B3-08DC43934FB8,761AC964-F254-4E4B-0865-08DC439261D4,-106.110813311255,28.6222539064766,Juventud,America/Chihuahua,1,2024-03-13 19:25:15.7995493,2024-03-13 19:25:15.7995493,E30541D0-B009-4D73-E19A-08DC43924EB2,Chihuahua,92C99E35-F7FE-4DB0-6959-08DCE70F95F8,045CD9EE-0BE8-42D2-0B52-08DCE6F099CF,Mostrador,1,2024-10-07 20:35:30.6561710,2024-10-07 20:35:30.6561710
3D88CBEA-06B9-4463-13B3-08DC43934FB8,761AC964-F254-4E4B-0865-08DC439261D4,-106.110813311255,28.6222539064766,Juventud,America/Chihuahua,1,2024-03-13 19:25:15.7995493,2024-03-13 19:25:15.7995493,E30541D0-B009-4D73-E19A-08DC43924EB2,Chihuahua,7FE96F21-5B8A-4FCE-695A-08DCE70F95F8,43BFEB0D-3995-42D4-0B53-08DCE6F099CF,Cuarto de empleados,1,2024-10-07 20:36:23.9306251,2024-10-07 20:36:23.9306251
3D88CBEA-06B9-4463-13B3-08DC43934FB8,761AC964-F254-4E4B-0865-08DC439261D4,-106.110813311255,28.6222539064766,Juventud,America/Chihuahua,1,2024-03-13 19:25:15.7995493,2024-03-13 19:25:15.7995493,E30541D0-B009-4D73-E19A-08DC43924EB2,Chihuahua,4AB569E5-F21C-43BA-695B-08DCE70F95F8,4646C795-4647-43BD-0B54-08DCE6F099CF,Comedor doble altura,1,2024-10-07 20:36:42.9557422,2024-10-07 20:36:42.9557422
3D88CBEA-06B9-4463-13B3-08DC43934FB8,761AC964-F254-4E4B-0865-08DC439261D4,-106.110813311255,28.6222539064766,Juventud,America/Chihuahua,1,2024-03-13 19:25:15.7995493,2024-03-13 19:25:15.7995493,E30541D0-B009-4D73-E19A-08DC43924EB2,Chihuahua,1E1B9B96-7DA3-4099-695C-08DCE70F95F8,CAE54885-B4B8-424B-0B55-08DCE6F099CF,Delivery,1,2024-10-07 20:36:59.6793005,2024-10-07 20:36:59.6793005
3D88CBEA-06B9-4463-13B3-08DC43934FB8,761AC964-F254-4E4B-0865-08DC439261D4,-106.110813311255,28.6222539064766,Juventud,America/Chihuahua,1,2024-03-13 19:25:15.7995493,2024-03-13 19:25:15.7995493,E30541D0-B009-4D73-E19A-08DC43924EB2,Chihuahua,252BDB7B-2171-4F42-695D-08DCE70F95F8,E1553586-BA68-43BD-0B56-08DCE6F099CF,Wash,1,2024-10-07 20:37:08.6143007,2024-10-07 20:37:08.6143007
3D88CBEA-06B9-4463-13B3-08DC43934FB8,761AC964-F254-4E4B-0865-08DC439261D4,-106.110813311255,28.6222539064766,Juventud,America/Chihuahua,1,2024-03-13 19:25:15.7995493,2024-03-13 19:25:15.7995493,E30541D0-B009-4D73-E19A-08DC43924EB2,Chihuahua,04ADD28D-1473-4372-3019-08DD47A4A871,E8C9C0D8-D1FE-43D7-449A-08DC43939793,Cuarto de Máquinas,1,2025-02-07 18:24:28.2681591,2025-02-07 18:24:28.2681591
3D88CBEA-06B9-4463-13B3-08DC43934FB8,761AC964-F254-4E4B-0865-08DC439261D4,-106.110813311255,28.6222539064766,Juventud,America/Chihuahua,1,2024-03-13 19:25:15.7995493,2024-03-13 19:25:15.7995493,E30541D0-B009-4D73-E19A-08DC43924EB2,Chihuahua,30D4BF63-F22E-4927-301A-08DD47A4A871,E8C9C0D8-D1FE-43D7-449A-08DC43939793,Cuarto de Máquinas,1,2025-02-07 18:58:18.1287374,2025-02-07 18:58:18.1287374
3D88CBEA-06B9-4463-13B3-08DC43934FB8,761AC964-F254-4E4B-0865-08DC439261D4,-106.110813311255,28.6222539064766,Juventud,America/Chihuahua,1,2024-03-13 19:25:15.7995493,2024-03-13 19:25:15.7995493,E30541D0-B009-4D73-E19A-08DC43924EB2,Chihuahua,35166F89-10F1-4F0E-301D-08DD47A4A871,4B4F2D88-0068-4168-4499-08DC43939793,Cuarto de congelación,1,2025-02-10 17:45:20.3739589,2025-02-10 17:45:20.3739589
3D88CBEA-06B9-4463-13B3-08DC43934FB8,761AC964-F254-4E4B-0865-08DC439261D4,-106.110813311255,28.6222539064766,Juventud,America/Chihuahua,1,2024-03-13 19:25:15.7995493,2024-03-13 19:25:15.7995493,E30541D0-B009-4D73-E19A-08DC43924EB2,Chihuahua,67299D39-5F1D-4BED-301E-08DD47A4A871,4B4F2D88-0068-4168-4499-08DC43939793,Cuarto de congelación,1,2025-02-10 17:46:50.9632390,2025-02-10 17:46:50.9632390
3D88CBEA-06B9-4463-13B3-08DC43934FB8,761AC964-F254-4E4B-0865-08DC439261D4,-106.110813311255,28.6222539064766,Juventud,America/Chihuahua,1,2024-03-13 19:25:15.7995493,2024-03-13 19:25:15.7995493,E30541D0-B009-4D73-E19A-08DC43924EB2,Chihuahua,0CE5150A-69A0-4D2E-3021-08DD47A4A871,E8C9C0D8-D1FE-43D7-449A-08DC43939793,Cuarto de Máquinas,1,2025-02-10 21:47:08.5985505,2025-02-10 21:47:08.5985505
3D88CBEA-06B9-4463-13B3-08DC43934FB8,761AC964-F254-4E4B-0865-08DC439261D4,-106.110813311255,28.6222539064766,Juventud,America/Chihuahua,1,2024-03-13 19:25:15.7995493,2024-03-13 19:25:15.7995493,E30541D0-B009-4D73-E19A-08DC43924EB2,Chihuahua,D06776F8-676D-41DF-15D6-08DD4AD02859,FF7305F1-5C6D-4D97-449D-08DC43939793,Playland,1,2025-02-11 19:13:24.7168373,2025-02-11 19:13:24.7168373
3D88CBEA-06B9-4463-13B3-08DC43934FB8,761AC964-F254-4E4B-0865-08DC439261D4,-106.110813311255,28.6222539064766,Juventud,America/Chihuahua,1,2024-03-13 19:25:15.7995493,2024-03-13 19:25:15.7995493,E30541D0-B009-4D73-E19A-08DC43924EB2,Chihuahua,2C07810A-07DC-4B05-0937-08DD8276076F,73C7AD34-FAA6-4134-A0CA-08DD8275FD07,Baños,1,2025-04-23 14:49:19.9061275,2025-04-23 14:49:19.9061275
1A37FA41-9850-4CE5-A2E7-08DD3FD912C4,761AC964-F254-4E4B-0865-08DC439261D4,-106.101751327515,28.6583055851941,Américas,America/Chihuahua,1,2025-01-28 20:19:31.2113749,2025-01-28 20:19:31.2113749,E30541D0-B009-4D73-E19A-08DC43924EB2,Chihuahua,F44C099A-CE5B-45FB-D9AD-08DD3FEE69C9,AB7D11A8-2F18-44CF-449B-08DC43939793,Comedor,1,2025-01-28 22:52:16.6261343,2025-01-28 22:52:16.6261343
1A37FA41-9850-4CE5-A2E7-08DD3FD912C4,761AC964-F254-4E4B-0865-08DC439261D4,-106.101751327515,28.6583055851941,Américas,America/Chihuahua,1,2025-01-28 20:19:31.2113749,2025-01-28 20:19:31.2113749,E30541D0-B009-4D73-E19A-08DC43924EB2,Chihuahua,B7B4AF07-1232-4DB3-D9AE-08DD3FEE69C9,504235CA-6D9A-42F5-449C-08DC43939793,Cocina,1,2025-01-28 22:52:31.4421600,2025-01-28 22:52:31.4421600
1A37FA41-9850-4CE5-A2E7-08DD3FD912C4,761AC964-F254-4E4B-0865-08DC439261D4,-106.101751327515,28.6583055851941,Américas,America/Chihuahua,1,2025-01-28 20:19:31.2113749,2025-01-28 20:19:31.2113749,E30541D0-B009-4D73-E19A-08DC43924EB2,Chihuahua,4A2E17C3-F395-4301-D9AF-08DD3FEE69C9,045CD9EE-0BE8-42D2-0B52-08DCE6F099CF,Mostrador,1,2025-01-28 22:53:20.4821285,2025-01-28 22:53:20.4821285
1A37FA41-9850-4CE5-A2E7-08DD3FD912C4,761AC964-F254-4E4B-0865-08DC439261D4,-106.101751327515,28.6583055851941,Américas,America/Chihuahua,1,2025-01-28 20:19:31.2113749,2025-01-28 20:19:31.2113749,E30541D0-B009-4D73-E19A-08DC43924EB2,Chihuahua,AD6DE015-580E-47E8-D9B0-08DD3FEE69C9,CAE54885-B4B8-424B-0B55-08DCE6F099CF,Delivery,1,2025-01-28 22:53:45.7776215,2025-01-28 22:53:45.7776215
1A37FA41-9850-4CE5-A2E7-08DD3FD912C4,761AC964-F254-4E4B-0865-08DC439261D4,-106.101751327515,28.6583055851941,Américas,America/Chihuahua,1,2025-01-28 20:19:31.2113749,2025-01-28 20:19:31.2113749,E30541D0-B009-4D73-E19A-08DC43924EB2,Chihuahua,68C7ECB8-B78C-4341-D9B1-08DD3FEE69C9,05C9E34D-7ED7-408B-6B12-08DC84AC71AC,Gerencia,1,2025-01-28 22:55:39.5411098,2025-01-28 22:55:39.5411098
1A37FA41-9850-4CE5-A2E7-08DD3FD912C4,761AC964-F254-4E4B-0865-08DC439261D4,-106.101751327515,28.6583055851941,Américas,America/Chihuahua,1,2025-01-28 20:19:31.2113749,2025-01-28 20:19:31.2113749,E30541D0-B009-4D73-E19A-08DC43924EB2,Chihuahua,71871601-90A1-43B2-D9B2-08DD3FEE69C9,4646C795-4647-43BD-0B54-08DCE6F099CF,Comedor doble altura,1,2025-01-28 22:57:24.9029316,2025-01-28 22:57:24.9029316
1A37FA41-9850-4CE5-A2E7-08DD3FD912C4,761AC964-F254-4E4B-0865-08DC439261D4,-106.101751327515,28.6583055851941,Américas,America/Chihuahua,1,2025-01-28 20:19:31.2113749,2025-01-28 20:19:31.2113749,E30541D0-B009-4D73-E19A-08DC43924EB2,Chihuahua,6F4C0385-9664-4CAC-D9B3-08DD3FEE69C9,43BFEB0D-3995-42D4-0B53-08DCE6F099CF,Cuarto de empleados,1,2025-01-28 22:57:49.6275979,2025-01-28 22:57:49.6275979
1A37FA41-9850-4CE5-A2E7-08DD3FD912C4,761AC964-F254-4E4B-0865-08DC439261D4,-106.101751327515,28.6583055851941,Américas,America/Chihuahua,1,2025-01-28 20:19:31.2113749,2025-01-28 20:19:31.2113749,E30541D0-B009-4D73-E19A-08DC43924EB2,Chihuahua,F130E155-AA8E-44C0-D9B4-08DD3FEE69C9,980F3D05-4C1F-458E-6B13-08DC84AC71AC,Máquina de sodas,1,2025-01-28 23:00:27.4282670,2025-01-28 23:00:27.4282670
1A37FA41-9850-4CE5-A2E7-08DD3FD912C4,761AC964-F254-4E4B-0865-08DC439261D4,-106.101751327515,28.6583055851941,Américas,America/Chihuahua,1,2025-01-28 20:19:31.2113749,2025-01-28 20:19:31.2113749,E30541D0-B009-4D73-E19A-08DC43924EB2,Chihuahua,3F4796AF-065F-434E-D9B5-08DD3FEE69C9,E1553586-BA68-43BD-0B56-08DCE6F099CF,Wash,1,2025-01-31 16:20:50.1706539,2025-01-31 16:20:50.1706539
1A37FA41-9850-4CE5-A2E7-08DD3FD912C4,761AC964-F254-4E4B-0865-08DC439261D4,-106.101751327515,28.6583055851941,Américas,America/Chihuahua,1,2025-01-28 20:19:31.2113749,2025-01-28 20:19:31.2113749,E30541D0-B009-4D73-E19A-08DC43924EB2,Chihuahua,2D82CB0C-1C37-4598-D9B6-08DD3FEE69C9,14792C61-90B0-42AB-A882-08DC48551DA6,Almacén de secos,1,2025-01-31 16:32:32.8522372,2025-01-31 16:32:32.8522372
1A37FA41-9850-4CE5-A2E7-08DD3FD912C4,761AC964-F254-4E4B-0865-08DC439261D4,-106.101751327515,28.6583055851941,Américas,America/Chihuahua,1,2025-01-28 20:19:31.2113749,2025-01-28 20:19:31.2113749,E30541D0-B009-4D73-E19A-08DC43924EB2,Chihuahua,EE9A0AD1-194D-4E62-D9CA-08DD3FEE69C9,FF7305F1-5C6D-4D97-449D-08DC43939793,Playland,1,2025-02-05 20:57:39.2264205,2025-02-05 20:57:39.2264205
1A37FA41-9850-4CE5-A2E7-08DD3FD912C4,761AC964-F254-4E4B-0865-08DC439261D4,-106.101751327515,28.6583055851941,Américas,America/Chihuahua,1,2025-01-28 20:19:31.2113749,2025-01-28 20:19:31.2113749,E30541D0-B009-4D73-E19A-08DC43924EB2,Chihuahua,A68735AC-C156-404B-9C0D-08DD462E560B,4B4F2D88-0068-4168-4499-08DC43939793,Cuarto de congelación,1,2025-02-05 21:44:58.2631264,2025-02-05 21:44:58.2631264
1A37FA41-9850-4CE5-A2E7-08DD3FD912C4,761AC964-F254-4E4B-0865-08DC439261D4,-106.101751327515,28.6583055851941,Américas,America/Chihuahua,1,2025-01-28 20:19:31.2113749,2025-01-28 20:19:31.2113749,E30541D0-B009-4D73-E19A-08DC43924EB2,Chihuahua,2A53B338-BD72-4636-9C0E-08DD462E560B,C60279C4-892E-4722-4498-08DC43939793,Cuarto de conservación,1,2025-02-05 21:45:18.9916878,2025-02-05 21:45:18.9916878
1A37FA41-9850-4CE5-A2E7-08DD3FD912C4,761AC964-F254-4E4B-0865-08DC439261D4,-106.101751327515,28.6583055851941,Américas,America/Chihuahua,1,2025-01-28 20:19:31.2113749,2025-01-28 20:19:31.2113749,E30541D0-B009-4D73-E19A-08DC43924EB2,Chihuahua,BAB5B800-B13B-44A4-301B-08DD47A4A871,E8C9C0D8-D1FE-43D7-449A-08DC43939793,Cuarto de Máquinas,1,2025-02-07 18:59:50.9009000,2025-02-07 18:59:50.9009000
1A37FA41-9850-4CE5-A2E7-08DD3FD912C4,761AC964-F254-4E4B-0865-08DC439261D4,-106.101751327515,28.6583055851941,Américas,America/Chihuahua,1,2025-01-28 20:19:31.2113749,2025-01-28 20:19:31.2113749,E30541D0-B009-4D73-E19A-08DC43924EB2,Chihuahua,7126C221-E070-4FC5-32B6-08DD78718817,6EECD20E-FEC8-4CE9-6B14-08DC84AC71AC,Luminarias exteriores,1,2025-04-10 20:51:56.6447751,2025-04-10 20:51:56.6447751
1A37FA41-9850-4CE5-A2E7-08DD3FD912C4,761AC964-F254-4E4B-0865-08DC439261D4,-106.101751327515,28.6583055851941,Américas,America/Chihuahua,1,2025-01-28 20:19:31.2113749,2025-01-28 20:19:31.2113749,E30541D0-B009-4D73-E19A-08DC43924EB2,Chihuahua,CA71BBE9-CCC5-40F1-0938-08DD8276076F,73C7AD34-FAA6-4134-A0CA-08DD8275FD07,Baños,1,2025-04-23 17:28:52.7485990,2025-04-23 17:28:52.7485990
82860544-B9C3-403C-A2E8-08DD3FD912C4,5A5E32BC-B4B6-4496-DD37-08DD421CD4D1,-106.424073,31.7175107,Tecnológico,America/Mexico_City,1,2025-01-31 17:31:51.3873075,2025-01-31 17:31:51.3873075,E30541D0-B009-4D73-E19A-08DC43924EB2,Juárez,BBA59657-F9DB-4325-D9B7-08DD3FEE69C9,AB7D11A8-2F18-44CF-449B-08DC43939793,Comedor,1,2025-02-04 15:57:09.6215176,2025-02-04 15:57:09.6215176
82860544-B9C3-403C-A2E8-08DD3FD912C4,5A5E32BC-B4B6-4496-DD37-08DD421CD4D1,-106.424073,31.7175107,Tecnológico,America/Mexico_City,1,2025-01-31 17:31:51.3873075,2025-01-31 17:31:51.3873075,E30541D0-B009-4D73-E19A-08DC43924EB2,Juárez,1BA08890-9274-44C8-D9B8-08DD3FEE69C9,504235CA-6D9A-42F5-449C-08DC43939793,Cocina,1,2025-02-04 15:57:20.0575215,2025-02-04 15:57:20.0575215
82860544-B9C3-403C-A2E8-08DD3FD912C4,5A5E32BC-B4B6-4496-DD37-08DD421CD4D1,-106.424073,31.7175107,Tecnológico,America/Mexico_City,1,2025-01-31 17:31:51.3873075,2025-01-31 17:31:51.3873075,E30541D0-B009-4D73-E19A-08DC43924EB2,Juárez,F6577B0D-E5F4-432A-D9B9-08DD3FEE69C9,045CD9EE-0BE8-42D2-0B52-08DCE6F099CF,Mostrador,1,2025-02-04 15:57:40.8570518,2025-02-04 15:57:40.8570518
82860544-B9C3-403C-A2E8-08DD3FD912C4,5A5E32BC-B4B6-4496-DD37-08DD421CD4D1,-106.424073,31.7175107,Tecnológico,America/Mexico_City,1,2025-01-31 17:31:51.3873075,2025-01-31 17:31:51.3873075,E30541D0-B009-4D73-E19A-08DC43924EB2,Juárez,21C065BA-5134-4EBC-D9BA-08DD3FEE69C9,CAE54885-B4B8-424B-0B55-08DCE6F099CF,Delivery,1,2025-02-04 15:58:41.4515474,2025-02-04 15:58:41.4515474
82860544-B9C3-403C-A2E8-08DD3FD912C4,5A5E32BC-B4B6-4496-DD37-08DD421CD4D1,-106.424073,31.7175107,Tecnológico,America/Mexico_City,1,2025-01-31 17:31:51.3873075,2025-01-31 17:31:51.3873075,E30541D0-B009-4D73-E19A-08DC43924EB2,Juárez,B02CC621-B563-4A0A-D9BB-08DD3FEE69C9,05C9E34D-7ED7-408B-6B12-08DC84AC71AC,Gerencia,1,2025-02-04 15:59:00.0541735,2025-02-04 15:59:00.0541735
82860544-B9C3-403C-A2E8-08DD3FD912C4,5A5E32BC-B4B6-4496-DD37-08DD421CD4D1,-106.424073,31.7175107,Tecnológico,America/Mexico_City,1,2025-01-31 17:31:51.3873075,2025-01-31 17:31:51.3873075,E30541D0-B009-4D73-E19A-08DC43924EB2,Juárez,96AE0B51-D040-4F71-D9BC-08DD3FEE69C9,43BFEB0D-3995-42D4-0B53-08DCE6F099CF,Cuarto de empleados,1,2025-02-04 16:02:37.7132349,2025-02-04 16:02:37.7132349
82860544-B9C3-403C-A2E8-08DD3FD912C4,5A5E32BC-B4B6-4496-DD37-08DD421CD4D1,-106.424073,31.7175107,Tecnológico,America/Mexico_City,1,2025-01-31 17:31:51.3873075,2025-01-31 17:31:51.3873075,E30541D0-B009-4D73-E19A-08DC43924EB2,Juárez,E21D79D6-1696-4F62-D9BD-08DD3FEE69C9,980F3D05-4C1F-458E-6B13-08DC84AC71AC,Máquina de sodas,1,2025-02-04 16:03:35.1513867,2025-02-04 16:03:35.1513867
82860544-B9C3-403C-A2E8-08DD3FD912C4,5A5E32BC-B4B6-4496-DD37-08DD421CD4D1,-106.424073,31.7175107,Tecnológico,America/Mexico_City,1,2025-01-31 17:31:51.3873075,2025-01-31 17:31:51.3873075,E30541D0-B009-4D73-E19A-08DC43924EB2,Juárez,E0BBF1AE-2783-4EFA-D9BE-08DD3FEE69C9,E1553586-BA68-43BD-0B56-08DCE6F099CF,Wash,1,2025-02-04 16:03:46.9272046,2025-02-04 16:03:46.9272046
82860544-B9C3-403C-A2E8-08DD3FD912C4,5A5E32BC-B4B6-4496-DD37-08DD421CD4D1,-106.424073,31.7175107,Tecnológico,America/Mexico_City,1,2025-01-31 17:31:51.3873075,2025-01-31 17:31:51.3873075,E30541D0-B009-4D73-E19A-08DC43924EB2,Juárez,60C72C29-11E6-4719-D9BF-08DD3FEE69C9,14792C61-90B0-42AB-A882-08DC48551DA6,Almacén de secos,1,2025-02-04 16:06:06.2909122,2025-02-04 16:06:06.2909122
82860544-B9C3-403C-A2E8-08DD3FD912C4,5A5E32BC-B4B6-4496-DD37-08DD421CD4D1,-106.424073,31.7175107,Tecnológico,America/Mexico_City,1,2025-01-31 17:31:51.3873075,2025-01-31 17:31:51.3873075,E30541D0-B009-4D73-E19A-08DC43924EB2,Juárez,EF45ED01-AC81-407F-D9C0-08DD3FEE69C9,FF7305F1-5C6D-4D97-449D-08DC43939793,Playland,1,2025-02-04 18:50:50.7499347,2025-02-04 18:50:50.7499347
82860544-B9C3-403C-A2E8-08DD3FD912C4,5A5E32BC-B4B6-4496-DD37-08DD421CD4D1,-106.424073,31.7175107,Tecnológico,America/Mexico_City,1,2025-01-31 17:31:51.3873075,2025-01-31 17:31:51.3873075,E30541D0-B009-4D73-E19A-08DC43924EB2,Juárez,A1B8954E-DF08-428C-301F-08DD47A4A871,4B4F2D88-0068-4168-4499-08DC43939793,Cuarto de congelación,1,2025-02-10 17:48:01.2338215,2025-02-10 17:48:01.2338215
82860544-B9C3-403C-A2E8-08DD3FD912C4,5A5E32BC-B4B6-4496-DD37-08DD421CD4D1,-106.424073,31.7175107,Tecnológico,America/Mexico_City,1,2025-01-31 17:31:51.3873075,2025-01-31 17:31:51.3873075,E30541D0-B009-4D73-E19A-08DC43924EB2,Juárez,45D13CB8-2DAC-4E63-3020-08DD47A4A871,C60279C4-892E-4722-4498-08DC43939793,Cuarto de conservación,1,2025-02-10 21:15:46.2299905,2025-02-10 21:15:46.2299905
82860544-B9C3-403C-A2E8-08DD3FD912C4,5A5E32BC-B4B6-4496-DD37-08DD421CD4D1,-106.424073,31.7175107,Tecnológico,America/Mexico_City,1,2025-01-31 17:31:51.3873075,2025-01-31 17:31:51.3873075,E30541D0-B009-4D73-E19A-08DC43924EB2,Juárez,4E634550-CF45-46DF-3022-08DD47A4A871,E8C9C0D8-D1FE-43D7-449A-08DC43939793,Cuarto de Máquinas,1,2025-02-10 21:48:34.0097789,2025-02-10 21:48:34.0097789
82860544-B9C3-403C-A2E8-08DD3FD912C4,5A5E32BC-B4B6-4496-DD37-08DD421CD4D1,-106.424073,31.7175107,Tecnológico,America/Mexico_City,1,2025-01-31 17:31:51.3873075,2025-01-31 17:31:51.3873075,E30541D0-B009-4D73-E19A-08DC43924EB2,Juárez,0DF7CCB8-9BD7-4849-616D-08DD5B605483,DE0ED282-6855-4068-2A4B-08DD5CD00E67,Acometida Principal,1,2025-03-10 15:46:39.0297287,2025-03-10 15:46:39.0297287
82860544-B9C3-403C-A2E8-08DD3FD912C4,5A5E32BC-B4B6-4496-DD37-08DD421CD4D1,-106.424073,31.7175107,Tecnológico,America/Mexico_City,1,2025-01-31 17:31:51.3873075,2025-01-31 17:31:51.3873075,E30541D0-B009-4D73-E19A-08DC43924EB2,Juárez,1EBC6137-C613-4A58-5570-08DDDE84D8AA,6EECD20E-FEC8-4CE9-6B14-08DC84AC71AC,Luminarias exteriores,1,2025-08-18 21:46:15.1827391,2025-08-18 21:46:15.1827391
82860544-B9C3-403C-A2E8-08DD3FD912C4,5A5E32BC-B4B6-4496-DD37-08DD421CD4D1,-106.424073,31.7175107,Tecnológico,America/Mexico_City,1,2025-01-31 17:31:51.3873075,2025-01-31 17:31:51.3873075,E30541D0-B009-4D73-E19A-08DC43924EB2,Juárez,F1AC921E-6346-464F-4B8F-08DDE73F05CE,73C7AD34-FAA6-4134-A0CA-08DD8275FD07,Baños,1,2025-09-01 17:21:28.4867011,2025-09-01 17:21:28.4867011
7DA4898A-98C2-4E05-A2E9-08DD3FD912C4,5A5E32BC-B4B6-4496-DD37-08DD421CD4D1,-106.4087026,31.6848253,Misiones,America/Chihuahua,1,2025-01-31 19:26:55.6838811,2025-01-31 19:26:55.6838811,E30541D0-B009-4D73-E19A-08DC43924EB2,Juárez,19F65E5B-D4C1-49B7-D9C1-08DD3FEE69C9,AB7D11A8-2F18-44CF-449B-08DC43939793,Comedor,1,2025-02-04 19:10:03.7978310,2025-02-04 19:10:03.7978310
7DA4898A-98C2-4E05-A2E9-08DD3FD912C4,5A5E32BC-B4B6-4496-DD37-08DD421CD4D1,-106.4087026,31.6848253,Misiones,America/Chihuahua,1,2025-01-31 19:26:55.6838811,2025-01-31 19:26:55.6838811,E30541D0-B009-4D73-E19A-08DC43924EB2,Juárez,C16FE55F-4717-4463-D9C2-08DD3FEE69C9,504235CA-6D9A-42F5-449C-08DC43939793,Cocina,1,2025-02-04 21:35:51.7195318,2025-02-04 21:35:51.7195318
7DA4898A-98C2-4E05-A2E9-08DD3FD912C4,5A5E32BC-B4B6-4496-DD37-08DD421CD4D1,-106.4087026,31.6848253,Misiones,America/Chihuahua,1,2025-01-31 19:26:55.6838811,2025-01-31 19:26:55.6838811,E30541D0-B009-4D73-E19A-08DC43924EB2,Juárez,8DE81A6D-8E06-4A97-D9C3-08DD3FEE69C9,045CD9EE-0BE8-42D2-0B52-08DCE6F099CF,Mostrador,1,2025-02-04 21:36:10.9114557,2025-02-04 21:36:10.9114557
7DA4898A-98C2-4E05-A2E9-08DD3FD912C4,5A5E32BC-B4B6-4496-DD37-08DD421CD4D1,-106.4087026,31.6848253,Misiones,America/Chihuahua,1,2025-01-31 19:26:55.6838811,2025-01-31 19:26:55.6838811,E30541D0-B009-4D73-E19A-08DC43924EB2,Juárez,C13FF89C-5178-4FCF-D9C4-08DD3FEE69C9,CAE54885-B4B8-424B-0B55-08DCE6F099CF,Delivery,1,2025-02-04 21:36:41.9015341,2025-02-04 21:36:41.9015341
7DA4898A-98C2-4E05-A2E9-08DD3FD912C4,5A5E32BC-B4B6-4496-DD37-08DD421CD4D1,-106.4087026,31.6848253,Misiones,America/Chihuahua,1,2025-01-31 19:26:55.6838811,2025-01-31 19:26:55.6838811,E30541D0-B009-4D73-E19A-08DC43924EB2,Juárez,86A00A25-B032-4628-D9C5-08DD3FEE69C9,05C9E34D-7ED7-408B-6B12-08DC84AC71AC,Gerencia,1,2025-02-04 21:36:53.3555278,2025-02-04 21:36:53.3555278
7DA4898A-98C2-4E05-A2E9-08DD3FD912C4,5A5E32BC-B4B6-4496-DD37-08DD421CD4D1,-106.4087026,31.6848253,Misiones,America/Chihuahua,1,2025-01-31 19:26:55.6838811,2025-01-31 19:26:55.6838811,E30541D0-B009-4D73-E19A-08DC43924EB2,Juárez,1E3BB8B9-EFF9-45C2-D9C6-08DD3FEE69C9,43BFEB0D-3995-42D4-0B53-08DCE6F099CF,Cuarto de empleados,1,2025-02-04 21:37:16.3651276,2025-02-04 21:37:16.3651276
7DA4898A-98C2-4E05-A2E9-08DD3FD912C4,5A5E32BC-B4B6-4496-DD37-08DD421CD4D1,-106.4087026,31.6848253,Misiones,America/Chihuahua,1,2025-01-31 19:26:55.6838811,2025-01-31 19:26:55.6838811,E30541D0-B009-4D73-E19A-08DC43924EB2,Juárez,D96624C9-EB67-464F-D9C7-08DD3FEE69C9,980F3D05-4C1F-458E-6B13-08DC84AC71AC,Maquina de sodas,1,2025-02-04 21:37:35.1588802,2025-02-04 21:37:35.1588802
7DA4898A-98C2-4E05-A2E9-08DD3FD912C4,5A5E32BC-B4B6-4496-DD37-08DD421CD4D1,-106.4087026,31.6848253,Misiones,America/Chihuahua,1,2025-01-31 19:26:55.6838811,2025-01-31 19:26:55.6838811,E30541D0-B009-4D73-E19A-08DC43924EB2,Juárez,E01BEDA8-AE30-4A01-D9C8-08DD3FEE69C9,E1553586-BA68-43BD-0B56-08DCE6F099CF,Wash,1,2025-02-04 21:37:45.9134815,2025-02-04 21:37:45.9134815
7DA4898A-98C2-4E05-A2E9-08DD3FD912C4,5A5E32BC-B4B6-4496-DD37-08DD421CD4D1,-106.4087026,31.6848253,Misiones,America/Chihuahua,1,2025-01-31 19:26:55.6838811,2025-01-31 19:26:55.6838811,E30541D0-B009-4D73-E19A-08DC43924EB2,Juárez,2C32B5F2-BEE4-4098-D9C9-08DD3FEE69C9,14792C61-90B0-42AB-A882-08DC48551DA6,Almacén de secos,1,2025-02-04 21:38:11.8750922,2025-02-04 21:38:11.8750922
7DA4898A-98C2-4E05-A2E9-08DD3FD912C4,5A5E32BC-B4B6-4496-DD37-08DD421CD4D1,-106.4087026,31.6848253,Misiones,America/Chihuahua,1,2025-01-31 19:26:55.6838811,2025-01-31 19:26:55.6838811,E30541D0-B009-4D73-E19A-08DC43924EB2,Juárez,A1E6E163-B433-4A97-301C-08DD47A4A871,4B4F2D88-0068-4168-4499-08DC43939793,Cuarto de congelación,1,2025-02-10 17:42:45.4015824,2025-02-10 17:42:45.4015824
7DA4898A-98C2-4E05-A2E9-08DD3FD912C4,5A5E32BC-B4B6-4496-DD37-08DD421CD4D1,-106.4087026,31.6848253,Misiones,America/Chihuahua,1,2025-01-31 19:26:55.6838811,2025-01-31 19:26:55.6838811,E30541D0-B009-4D73-E19A-08DC43924EB2,Juárez,E939DCF9-4C1B-4D8E-15D7-08DD4AD02859,FF7305F1-5C6D-4D97-449D-08DC43939793,Playland,1,2025-02-11 19:18:48.5123993,2025-02-11 19:18:48.5123993
7DA4898A-98C2-4E05-A2E9-08DD3FD912C4,5A5E32BC-B4B6-4496-DD37-08DD421CD4D1,-106.4087026,31.6848253,Misiones,America/Chihuahua,1,2025-01-31 19:26:55.6838811,2025-01-31 19:26:55.6838811,E30541D0-B009-4D73-E19A-08DC43924EB2,Juárez,ACCC0D44-ED26-4350-15D8-08DD4AD02859,C60279C4-892E-4722-4498-08DC43939793,Cuarto de conservación,1,2025-02-11 21:31:21.0222990,2025-02-11 21:31:21.0222990
7DA4898A-98C2-4E05-A2E9-08DD3FD912C4,5A5E32BC-B4B6-4496-DD37-08DD421CD4D1,-106.4087026,31.6848253,Misiones,America/Chihuahua,1,2025-01-31 19:26:55.6838811,2025-01-31 19:26:55.6838811,E30541D0-B009-4D73-E19A-08DC43924EB2,Juárez,9CF3BAD1-AC37-485D-C13A-08DD505DEC58,E8C9C0D8-D1FE-43D7-449A-08DC43939793,Cuarto de Máquinas,1,2025-02-18 20:50:48.4176630,2025-02-18 20:50:48.4176630
7DA4898A-98C2-4E05-A2E9-08DD3FD912C4,5A5E32BC-B4B6-4496-DD37-08DD421CD4D1,-106.4087026,31.6848253,Misiones,America/Chihuahua,1,2025-01-31 19:26:55.6838811,2025-01-31 19:26:55.6838811,E30541D0-B009-4D73-E19A-08DC43924EB2,Juárez,F1F8AF74-486B-4248-616C-08DD5B605483,DE0ED282-6855-4068-2A4B-08DD5CD00E67,Acometida Principal,1,2025-03-10 15:46:09.2157610,2025-03-10 15:46:09.2157610
7DA4898A-98C2-4E05-A2E9-08DD3FD912C4,5A5E32BC-B4B6-4496-DD37-08DD421CD4D1,-106.4087026,31.6848253,Misiones,America/Chihuahua,1,2025-01-31 19:26:55.6838811,2025-01-31 19:26:55.6838811,E30541D0-B009-4D73-E19A-08DC43924EB2,Juárez,59545DDF-66B9-49EE-5571-08DDDE84D8AA,6EECD20E-FEC8-4CE9-6B14-08DC84AC71AC,Luminarias exteriores,1,2025-08-18 21:46:56.3879061,2025-08-18 21:46:56.3879061
7DA4898A-98C2-4E05-A2E9-08DD3FD912C4,5A5E32BC-B4B6-4496-DD37-08DD421CD4D1,-106.4087026,31.6848253,Misiones,America/Chihuahua,1,2025-01-31 19:26:55.6838811,2025-01-31 19:26:55.6838811,E30541D0-B009-4D73-E19A-08DC43924EB2,Juárez,D56C9EF2-0BB6-4EBA-4B8E-08DDE73F05CE,73C7AD34-FAA6-4134-A0CA-08DD8275FD07,Baños,1,2025-08-29 21:00:02.3041721,2025-08-29 21:00:02.3041721
EE27F33C-62E7-4EEA-9A49-08DD4D13BF4D,5A5E32BC-B4B6-4496-DD37-08DD421CD4D1,-106.393684159136,31.6275412596715,Arze Las Torres,America/Chihuahua,1,2025-02-14 16:22:16.5796041,2025-02-14 16:22:16.5796041,E30541D0-B009-4D73-E19A-08DC43924EB2,Juárez,5B0B9D74-F840-4126-615D-08DD5B605483,AB7D11A8-2F18-44CF-449B-08DC43939793,Comedor,1,2025-03-04 21:05:44.9756780,2025-03-04 21:05:44.9756780
EE27F33C-62E7-4EEA-9A49-08DD4D13BF4D,5A5E32BC-B4B6-4496-DD37-08DD421CD4D1,-106.393684159136,31.6275412596715,Arze Las Torres,America/Chihuahua,1,2025-02-14 16:22:16.5796041,2025-02-14 16:22:16.5796041,E30541D0-B009-4D73-E19A-08DC43924EB2,Juárez,A621B27B-69C8-46B2-615E-08DD5B605483,FF7305F1-5C6D-4D97-449D-08DC43939793,PlayLand,1,2025-03-04 21:06:50.6127260,2025-03-04 21:06:50.6127260
EE27F33C-62E7-4EEA-9A49-08DD4D13BF4D,5A5E32BC-B4B6-4496-DD37-08DD421CD4D1,-106.393684159136,31.6275412596715,Arze Las Torres,America/Chihuahua,1,2025-02-14 16:22:16.5796041,2025-02-14 16:22:16.5796041,E30541D0-B009-4D73-E19A-08DC43924EB2,Juárez,9F33CBEA-6D72-4E8A-615F-08DD5B605483,4B4F2D88-0068-4168-4499-08DC43939793,Cuarto de Congelación,1,2025-03-04 21:15:13.6970040,2025-03-04 21:15:13.6970040
EE27F33C-62E7-4EEA-9A49-08DD4D13BF4D,5A5E32BC-B4B6-4496-DD37-08DD421CD4D1,-106.393684159136,31.6275412596715,Arze Las Torres,America/Chihuahua,1,2025-02-14 16:22:16.5796041,2025-02-14 16:22:16.5796041,E30541D0-B009-4D73-E19A-08DC43924EB2,Juárez,A1C0B0FB-677C-423E-6160-08DD5B605483,C60279C4-892E-4722-4498-08DC43939793,Cuarto de Conservación,1,2025-03-04 21:15:28.9470521,2025-03-04 21:15:28.9470521
EE27F33C-62E7-4EEA-9A49-08DD4D13BF4D,5A5E32BC-B4B6-4496-DD37-08DD421CD4D1,-106.393684159136,31.6275412596715,Arze Las Torres,America/Chihuahua,1,2025-02-14 16:22:16.5796041,2025-02-14 16:22:16.5796041,E30541D0-B009-4D73-E19A-08DC43924EB2,Juárez,06D04A26-1532-4B8C-6161-08DD5B605483,E8C9C0D8-D1FE-43D7-449A-08DC43939793,Cuarto de Máquinas,1,2025-03-04 21:15:56.4835321,2025-03-04 21:15:56.4835321
EE27F33C-62E7-4EEA-9A49-08DD4D13BF4D,5A5E32BC-B4B6-4496-DD37-08DD421CD4D1,-106.393684159136,31.6275412596715,Arze Las Torres,America/Chihuahua,1,2025-02-14 16:22:16.5796041,2025-02-14 16:22:16.5796041,E30541D0-B009-4D73-E19A-08DC43924EB2,Juárez,0A1C5E12-EE55-44BE-6162-08DD5B605483,980F3D05-4C1F-458E-6B13-08DC84AC71AC,Máquina de sodas,1,2025-03-04 21:24:09.2908873,2025-03-04 21:24:09.2908873
EE27F33C-62E7-4EEA-9A49-08DD4D13BF4D,5A5E32BC-B4B6-4496-DD37-08DD421CD4D1,-106.393684159136,31.6275412596715,Arze Las Torres,America/Chihuahua,1,2025-02-14 16:22:16.5796041,2025-02-14 16:22:16.5796041,E30541D0-B009-4D73-E19A-08DC43924EB2,Juárez,6322F120-EBBF-498B-6163-08DD5B605483,05C9E34D-7ED7-408B-6B12-08DC84AC71AC,Gerencia,1,2025-03-04 21:24:59.0122789,2025-03-04 21:24:59.0122789
EE27F33C-62E7-4EEA-9A49-08DD4D13BF4D,5A5E32BC-B4B6-4496-DD37-08DD421CD4D1,-106.393684159136,31.6275412596715,Arze Las Torres,America/Chihuahua,1,2025-02-14 16:22:16.5796041,2025-02-14 16:22:16.5796041,E30541D0-B009-4D73-E19A-08DC43924EB2,Juárez,7B3AD587-AFC2-473B-6164-08DD5B605483,6EECD20E-FEC8-4CE9-6B14-08DC84AC71AC,Luminarias exteriores,1,2025-03-04 21:29:57.0749943,2025-03-04 21:29:57.0749943
EE27F33C-62E7-4EEA-9A49-08DD4D13BF4D,5A5E32BC-B4B6-4496-DD37-08DD421CD4D1,-106.393684159136,31.6275412596715,Arze Las Torres,America/Chihuahua,1,2025-02-14 16:22:16.5796041,2025-02-14 16:22:16.5796041,E30541D0-B009-4D73-E19A-08DC43924EB2,Juárez,DC9115DC-1AD2-4804-6165-08DD5B605483,504235CA-6D9A-42F5-449C-08DC43939793,Cocina,1,2025-03-04 21:38:36.5757885,2025-03-04 21:38:36.5757885
EE27F33C-62E7-4EEA-9A49-08DD4D13BF4D,5A5E32BC-B4B6-4496-DD37-08DD421CD4D1,-106.393684159136,31.6275412596715,Arze Las Torres,America/Chihuahua,1,2025-02-14 16:22:16.5796041,2025-02-14 16:22:16.5796041,E30541D0-B009-4D73-E19A-08DC43924EB2,Juárez,4E1AC280-30FF-4187-6166-08DD5B605483,14792C61-90B0-42AB-A882-08DC48551DA6,Almacén de secos,1,2025-03-04 21:53:43.8070151,2025-03-04 21:53:43.8070151
EE27F33C-62E7-4EEA-9A49-08DD4D13BF4D,5A5E32BC-B4B6-4496-DD37-08DD421CD4D1,-106.393684159136,31.6275412596715,Arze Las Torres,America/Chihuahua,1,2025-02-14 16:22:16.5796041,2025-02-14 16:22:16.5796041,E30541D0-B009-4D73-E19A-08DC43924EB2,Juárez,5390CC50-E463-4F78-6167-08DD5B605483,43BFEB0D-3995-42D4-0B53-08DCE6F099CF,Cuarto de empleados,1,2025-03-05 22:40:45.5008186,2025-03-05 22:40:45.5008186
EE27F33C-62E7-4EEA-9A49-08DD4D13BF4D,5A5E32BC-B4B6-4496-DD37-08DD421CD4D1,-106.393684159136,31.6275412596715,Arze Las Torres,America/Chihuahua,1,2025-02-14 16:22:16.5796041,2025-02-14 16:22:16.5796041,E30541D0-B009-4D73-E19A-08DC43924EB2,Juárez,354BF259-C462-482A-6168-08DD5B605483,045CD9EE-0BE8-42D2-0B52-08DCE6F099CF,Mostrador,1,2025-03-05 22:40:58.5713254,2025-03-05 22:40:58.5713254
EE27F33C-62E7-4EEA-9A49-08DD4D13BF4D,5A5E32BC-B4B6-4496-DD37-08DD421CD4D1,-106.393684159136,31.6275412596715,Arze Las Torres,America/Chihuahua,1,2025-02-14 16:22:16.5796041,2025-02-14 16:22:16.5796041,E30541D0-B009-4D73-E19A-08DC43924EB2,Juárez,C8C289D9-BBA8-46FA-6169-08DD5B605483,E1553586-BA68-43BD-0B56-08DCE6F099CF,Wash,1,2025-03-05 22:42:46.8309060,2025-03-05 22:42:46.8309060
EE27F33C-62E7-4EEA-9A49-08DD4D13BF4D,5A5E32BC-B4B6-4496-DD37-08DD421CD4D1,-106.393684159136,31.6275412596715,Arze Las Torres,America/Chihuahua,1,2025-02-14 16:22:16.5796041,2025-02-14 16:22:16.5796041,E30541D0-B009-4D73-E19A-08DC43924EB2,Juárez,06B6D87F-A23C-40C1-616A-08DD5B605483,CAE54885-B4B8-424B-0B55-08DCE6F099CF,Delivery,1,2025-03-05 22:44:57.5395141,2025-03-05 22:44:57.5395141
EE27F33C-62E7-4EEA-9A49-08DD4D13BF4D,5A5E32BC-B4B6-4496-DD37-08DD421CD4D1,-106.393684159136,31.6275412596715,Arze Las Torres,America/Chihuahua,1,2025-02-14 16:22:16.5796041,2025-02-14 16:22:16.5796041,E30541D0-B009-4D73-E19A-08DC43924EB2,Juárez,6DBD1C36-49EC-40EC-616B-08DD5B605483,DE0ED282-6855-4068-2A4B-08DD5CD00E67,Acometida Principal,1,2025-03-06 16:58:49.6230243,2025-03-06 16:58:49.6230243
EE27F33C-62E7-4EEA-9A49-08DD4D13BF4D,5A5E32BC-B4B6-4496-DD37-08DD421CD4D1,-106.393684159136,31.6275412596715,Arze Las Torres,America/Chihuahua,1,2025-02-14 16:22:16.5796041,2025-02-14 16:22:16.5796041,E30541D0-B009-4D73-E19A-08DC43924EB2,Juárez,B54E1519-14FC-49BC-2C2C-08DDE70B46F8,73C7AD34-FAA6-4134-A0CA-08DD8275FD07,Baños,1,2025-08-29 14:49:37.7997856,2025-08-29 14:49:37.7997856
AC3554A0-BA86-4408-9A4A-08DD4D13BF4D,5A5E32BC-B4B6-4496-DD37-08DD421CD4D1,-106.452047073016,31.7130106077029,Casas Grandes,America/Chihuahua,1,2025-02-14 16:30:16.4105949,2025-02-14 16:30:16.4105949,E30541D0-B009-4D73-E19A-08DC43924EB2,Juárez,1D9E7A76-A306-433B-7F26-08DD63418751,AB7D11A8-2F18-44CF-449B-08DC43939793,Comedor,1,2025-03-14 21:45:25.1168093,2025-03-14 21:45:25.1168093
AC3554A0-BA86-4408-9A4A-08DD4D13BF4D,5A5E32BC-B4B6-4496-DD37-08DD421CD4D1,-106.452047073016,31.7130106077029,Casas Grandes,America/Chihuahua,1,2025-02-14 16:30:16.4105949,2025-02-14 16:30:16.4105949,E30541D0-B009-4D73-E19A-08DC43924EB2,Juárez,C7DAFC7B-B194-4106-7F27-08DD63418751,FF7305F1-5C6D-4D97-449D-08DC43939793,PlayLand,1,2025-03-14 21:45:37.3783530,2025-03-14 21:45:37.3783530
AC3554A0-BA86-4408-9A4A-08DD4D13BF4D,5A5E32BC-B4B6-4496-DD37-08DD421CD4D1,-106.452047073016,31.7130106077029,Casas Grandes,America/Chihuahua,1,2025-02-14 16:30:16.4105949,2025-02-14 16:30:16.4105949,E30541D0-B009-4D73-E19A-08DC43924EB2,Juárez,D578FCDF-7B11-4172-7F28-08DD63418751,4B4F2D88-0068-4168-4499-08DC43939793,Cuarto de congelación,1,2025-03-14 21:46:34.4153421,2025-03-14 21:46:34.4153421
AC3554A0-BA86-4408-9A4A-08DD4D13BF4D,5A5E32BC-B4B6-4496-DD37-08DD421CD4D1,-106.452047073016,31.7130106077029,Casas Grandes,America/Chihuahua,1,2025-02-14 16:30:16.4105949,2025-02-14 16:30:16.4105949,E30541D0-B009-4D73-E19A-08DC43924EB2,Juárez,963B2FCB-ED92-40EC-7F29-08DD63418751,C60279C4-892E-4722-4498-08DC43939793,Cuarto de conservación,1,2025-03-14 21:46:54.8891131,2025-03-14 21:46:54.8891131
AC3554A0-BA86-4408-9A4A-08DD4D13BF4D,5A5E32BC-B4B6-4496-DD37-08DD421CD4D1,-106.452047073016,31.7130106077029,Casas Grandes,America/Chihuahua,1,2025-02-14 16:30:16.4105949,2025-02-14 16:30:16.4105949,E30541D0-B009-4D73-E19A-08DC43924EB2,Juárez,534D6BDC-A1FD-40C9-7F2A-08DD63418751,E8C9C0D8-D1FE-43D7-449A-08DC43939793,Cuarto de máquinas,1,2025-03-14 21:47:16.5962571,2025-03-14 21:47:16.5962571
AC3554A0-BA86-4408-9A4A-08DD4D13BF4D,5A5E32BC-B4B6-4496-DD37-08DD421CD4D1,-106.452047073016,31.7130106077029,Casas Grandes,America/Chihuahua,1,2025-02-14 16:30:16.4105949,2025-02-14 16:30:16.4105949,E30541D0-B009-4D73-E19A-08DC43924EB2,Juárez,DB8B9F53-8B1D-4093-7F2B-08DD63418751,980F3D05-4C1F-458E-6B13-08DC84AC71AC,Máquina de sodas,1,2025-03-14 21:48:27.1473352,2025-03-14 21:48:27.1473352
AC3554A0-BA86-4408-9A4A-08DD4D13BF4D,5A5E32BC-B4B6-4496-DD37-08DD421CD4D1,-106.452047073016,31.7130106077029,Casas Grandes,America/Chihuahua,1,2025-02-14 16:30:16.4105949,2025-02-14 16:30:16.4105949,E30541D0-B009-4D73-E19A-08DC43924EB2,Juárez,B3DC2C0B-E08D-403A-7F2C-08DD63418751,05C9E34D-7ED7-408B-6B12-08DC84AC71AC,Gerencia,1,2025-03-14 21:48:47.1417885,2025-03-14 21:48:47.1417885
AC3554A0-BA86-4408-9A4A-08DD4D13BF4D,5A5E32BC-B4B6-4496-DD37-08DD421CD4D1,-106.452047073016,31.7130106077029,Casas Grandes,America/Chihuahua,1,2025-02-14 16:30:16.4105949,2025-02-14 16:30:16.4105949,E30541D0-B009-4D73-E19A-08DC43924EB2,Juárez,9E115817-6AA4-4C2B-7F2D-08DD63418751,14792C61-90B0-42AB-A882-08DC48551DA6,Almacén de secos,1,2025-03-14 21:49:20.5009022,2025-03-14 21:49:20.5009022
AC3554A0-BA86-4408-9A4A-08DD4D13BF4D,5A5E32BC-B4B6-4496-DD37-08DD421CD4D1,-106.452047073016,31.7130106077029,Casas Grandes,America/Chihuahua,1,2025-02-14 16:30:16.4105949,2025-02-14 16:30:16.4105949,E30541D0-B009-4D73-E19A-08DC43924EB2,Juárez,9F627057-EE57-4F0D-7F2E-08DD63418751,DE0ED282-6855-4068-2A4B-08DD5CD00E67,Acometida principal,1,2025-03-14 21:49:42.0088330,2025-03-14 21:49:42.0088330
AC3554A0-BA86-4408-9A4A-08DD4D13BF4D,5A5E32BC-B4B6-4496-DD37-08DD421CD4D1,-106.452047073016,31.7130106077029,Casas Grandes,America/Chihuahua,1,2025-02-14 16:30:16.4105949,2025-02-14 16:30:16.4105949,E30541D0-B009-4D73-E19A-08DC43924EB2,Juárez,3E75B22F-478B-48D7-7F2F-08DD63418751,504235CA-6D9A-42F5-449C-08DC43939793,Cocina,1,2025-03-14 21:50:53.5869124,2025-03-14 21:50:53.5869124
AC3554A0-BA86-4408-9A4A-08DD4D13BF4D,5A5E32BC-B4B6-4496-DD37-08DD421CD4D1,-106.452047073016,31.7130106077029,Casas Grandes,America/Chihuahua,1,2025-02-14 16:30:16.4105949,2025-02-14 16:30:16.4105949,E30541D0-B009-4D73-E19A-08DC43924EB2,Juárez,7B3FEA33-6B57-45A2-951B-08DD881746F8,14792C61-90B0-42AB-A882-08DC48551DA6,Almacén de secos,1,2025-04-30 18:46:11.2976989,2025-04-30 18:46:11.2976989
AC3554A0-BA86-4408-9A4A-08DD4D13BF4D,5A5E32BC-B4B6-4496-DD37-08DD421CD4D1,-106.452047073016,31.7130106077029,Casas Grandes,America/Chihuahua,1,2025-02-14 16:30:16.4105949,2025-02-14 16:30:16.4105949,E30541D0-B009-4D73-E19A-08DC43924EB2,Juárez,24D5A4CD-6E50-4132-951C-08DD881746F8,045CD9EE-0BE8-42D2-0B52-08DCE6F099CF,Mostrador,1,2025-04-30 18:46:43.0399747,2025-04-30 18:46:43.0399747
AC3554A0-BA86-4408-9A4A-08DD4D13BF4D,5A5E32BC-B4B6-4496-DD37-08DD421CD4D1,-106.452047073016,31.7130106077029,Casas Grandes,America/Chihuahua,1,2025-02-14 16:30:16.4105949,2025-02-14 16:30:16.4105949,E30541D0-B009-4D73-E19A-08DC43924EB2,Juárez,A9197002-C641-4C9B-951D-08DD881746F8,43BFEB0D-3995-42D4-0B53-08DCE6F099CF,Cuarto de empleados,1,2025-04-30 18:47:13.3457712,2025-04-30 18:47:13.3457712
AC3554A0-BA86-4408-9A4A-08DD4D13BF4D,5A5E32BC-B4B6-4496-DD37-08DD421CD4D1,-106.452047073016,31.7130106077029,Casas Grandes,America/Chihuahua,1,2025-02-14 16:30:16.4105949,2025-02-14 16:30:16.4105949,E30541D0-B009-4D73-E19A-08DC43924EB2,Juárez,82EE70E5-709E-4B98-951E-08DD881746F8,E1553586-BA68-43BD-0B56-08DCE6F099CF,Wash,1,2025-04-30 18:47:22.6211992,2025-04-30 18:47:22.6211992
AC3554A0-BA86-4408-9A4A-08DD4D13BF4D,5A5E32BC-B4B6-4496-DD37-08DD421CD4D1,-106.452047073016,31.7130106077029,Casas Grandes,America/Chihuahua,1,2025-02-14 16:30:16.4105949,2025-02-14 16:30:16.4105949,E30541D0-B009-4D73-E19A-08DC43924EB2,Juárez,67791036-4614-42AB-951F-08DD881746F8,CAE54885-B4B8-424B-0B55-08DCE6F099CF,Delivery,1,2025-04-30 18:47:37.3681631,2025-04-30 18:47:37.3681631
AC3554A0-BA86-4408-9A4A-08DD4D13BF4D,5A5E32BC-B4B6-4496-DD37-08DD421CD4D1,-106.452047073016,31.7130106077029,Casas Grandes,America/Chihuahua,1,2025-02-14 16:30:16.4105949,2025-02-14 16:30:16.4105949,E30541D0-B009-4D73-E19A-08DC43924EB2,Juárez,8C213D36-9843-4DDC-5573-08DDDE84D8AA,6EECD20E-FEC8-4CE9-6B14-08DC84AC71AC,Luminarias exteriores,1,2025-08-18 21:47:35.1474621,2025-08-18 21:47:35.1474621
AC3554A0-BA86-4408-9A4A-08DD4D13BF4D,5A5E32BC-B4B6-4496-DD37-08DD421CD4D1,-106.452047073016,31.7130106077029,Casas Grandes,America/Chihuahua,1,2025-02-14 16:30:16.4105949,2025-02-14 16:30:16.4105949,E30541D0-B009-4D73-E19A-08DC43924EB2,Juárez,2B5D7771-47E6-4049-2C2D-08DDE70B46F8,73C7AD34-FAA6-4134-A0CA-08DD8275FD07,Baños,1,2025-08-29 16:19:35.6678576,2025-08-29 16:19:35.6678576
9322B538-2781-4474-3C83-08DDD9E37FE3,6CF21703-9C03-45A2-DF1E-08DDD9DEB3DB,-115.3603566,32.5772892,Valle de Puebla,America/Dawson,1,2025-08-12 21:02:08.2885406,2025-08-12 21:02:08.2885406,504F46A6-4FE0-4CC2-6DCA-08DDD9DEA096,Mexicali,CBD59913-E183-408B-6415-08DDE0FE0D22,C60279C4-892E-4722-4498-08DC43939793,Cuarto frio ,1,2025-08-21 21:59:50.3270548,2025-08-21 21:59:50.3270548
9322B538-2781-4474-3C83-08DDD9E37FE3,6CF21703-9C03-45A2-DF1E-08DDD9DEB3DB,-115.3603566,32.5772892,Valle de Puebla,America/Dawson,1,2025-08-12 21:02:08.2885406,2025-08-12 21:02:08.2885406,504F46A6-4FE0-4CC2-6DCA-08DDD9DEA096,Mexicali,412D3CEC-3355-4F76-6416-08DDE0FE0D22,AB7D11A8-2F18-44CF-449B-08DC43939793,Comedor,1,2025-08-21 22:05:55.7827203,2025-08-21 22:05:55.7827203
9322B538-2781-4474-3C83-08DDD9E37FE3,6CF21703-9C03-45A2-DF1E-08DDD9DEB3DB,-115.3603566,32.5772892,Valle de Puebla,America/Dawson,1,2025-08-12 21:02:08.2885406,2025-08-12 21:02:08.2885406,504F46A6-4FE0-4CC2-6DCA-08DDD9DEA096,Mexicali,3401C1E0-E149-45C7-6417-08DDE0FE0D22,504235CA-6D9A-42F5-449C-08DC43939793,Cocina,1,2025-08-21 22:06:55.8268806,2025-08-21 22:06:55.8268806
9322B538-2781-4474-3C83-08DDD9E37FE3,6CF21703-9C03-45A2-DF1E-08DDD9DEB3DB,-115.3603566,32.5772892,Valle de Puebla,America/Dawson,1,2025-08-12 21:02:08.2885406,2025-08-12 21:02:08.2885406,504F46A6-4FE0-4CC2-6DCA-08DDD9DEA096,Mexicali,A74F596D-539C-498F-6418-08DDE0FE0D22,045CD9EE-0BE8-42D2-0B52-08DCE6F099CF,Mostrador,1,2025-08-21 22:07:10.0800827,2025-08-21 22:07:10.0800827
9322B538-2781-4474-3C83-08DDD9E37FE3,6CF21703-9C03-45A2-DF1E-08DDD9DEB3DB,-115.3603566,32.5772892,Valle de Puebla,America/Dawson,1,2025-08-12 21:02:08.2885406,2025-08-12 21:02:08.2885406,504F46A6-4FE0-4CC2-6DCA-08DDD9DEA096,Mexicali,64ED4092-B489-4532-6419-08DDE0FE0D22,CAE54885-B4B8-424B-0B55-08DCE6F099CF,Delivery,1,2025-08-21 22:07:21.4569809,2025-08-21 22:07:21.4569809
9322B538-2781-4474-3C83-08DDD9E37FE3,6CF21703-9C03-45A2-DF1E-08DDD9DEB3DB,-115.3603566,32.5772892,Valle de Puebla,America/Dawson,1,2025-08-12 21:02:08.2885406,2025-08-12 21:02:08.2885406,504F46A6-4FE0-4CC2-6DCA-08DDD9DEA096,Mexicali,BD8F78C7-5DEC-4F51-641A-08DDE0FE0D22,05C9E34D-7ED7-408B-6B12-08DC84AC71AC,Gerencia,1,2025-08-21 22:07:41.6167000,2025-08-21 22:07:41.6167000
9322B538-2781-4474-3C83-08DDD9E37FE3,6CF21703-9C03-45A2-DF1E-08DDD9DEB3DB,-115.3603566,32.5772892,Valle de Puebla,America/Dawson,1,2025-08-12 21:02:08.2885406,2025-08-12 21:02:08.2885406,504F46A6-4FE0-4CC2-6DCA-08DDD9DEA096,Mexicali,8F7CFE2C-022A-4513-641B-08DDE0FE0D22,4646C795-4647-43BD-0B54-08DCE6F099CF,Comedor doble altura,1,2025-08-21 22:08:09.9933527,2025-08-21 22:08:09.9933527
9322B538-2781-4474-3C83-08DDD9E37FE3,6CF21703-9C03-45A2-DF1E-08DDD9DEB3DB,-115.3603566,32.5772892,Valle de Puebla,America/Dawson,1,2025-08-12 21:02:08.2885406,2025-08-12 21:02:08.2885406,504F46A6-4FE0-4CC2-6DCA-08DDD9DEA096,Mexicali,9E6C2675-6E36-49D8-641C-08DDE0FE0D22,43BFEB0D-3995-42D4-0B53-08DCE6F099CF,Cuarto de empleados,1,2025-08-21 22:08:33.5609494,2025-08-21 22:08:33.5609494
9322B538-2781-4474-3C83-08DDD9E37FE3,6CF21703-9C03-45A2-DF1E-08DDD9DEB3DB,-115.3603566,32.5772892,Valle de Puebla,America/Dawson,1,2025-08-12 21:02:08.2885406,2025-08-12 21:02:08.2885406,504F46A6-4FE0-4CC2-6DCA-08DDD9DEA096,Mexicali,0BF50606-3FAA-47EE-641D-08DDE0FE0D22,980F3D05-4C1F-458E-6B13-08DC84AC71AC,Maquina de sodas,1,2025-08-21 22:08:49.2041006,2025-08-21 22:08:49.2041006
9322B538-2781-4474-3C83-08DDD9E37FE3,6CF21703-9C03-45A2-DF1E-08DDD9DEB3DB,-115.3603566,32.5772892,Valle de Puebla,America/Dawson,1,2025-08-12 21:02:08.2885406,2025-08-12 21:02:08.2885406,504F46A6-4FE0-4CC2-6DCA-08DDD9DEA096,Mexicali,F2DF087F-2DE4-47C7-641E-08DDE0FE0D22,E1553586-BA68-43BD-0B56-08DCE6F099CF,Wash,1,2025-08-21 22:09:01.8281374,2025-08-21 22:09:01.8281374
9322B538-2781-4474-3C83-08DDD9E37FE3,6CF21703-9C03-45A2-DF1E-08DDD9DEB3DB,-115.3603566,32.5772892,Valle de Puebla,America/Dawson,1,2025-08-12 21:02:08.2885406,2025-08-12 21:02:08.2885406,504F46A6-4FE0-4CC2-6DCA-08DDD9DEA096,Mexicali,DA8DD501-66A9-4434-641F-08DDE0FE0D22,14792C61-90B0-42AB-A882-08DC48551DA6,Almacen de secos,1,2025-08-21 22:09:15.0841883,2025-08-21 22:09:15.0841883
9322B538-2781-4474-3C83-08DDD9E37FE3,6CF21703-9C03-45A2-DF1E-08DDD9DEB3DB,-115.3603566,32.5772892,Valle de Puebla,America/Dawson,1,2025-08-12 21:02:08.2885406,2025-08-12 21:02:08.2885406,504F46A6-4FE0-4CC2-6DCA-08DDD9DEA096,Mexicali,324E3B79-0EFF-45D0-6420-08DDE0FE0D22,FF7305F1-5C6D-4D97-449D-08DC43939793,PlayLand,1,2025-08-21 22:09:37.6927959,2025-08-21 22:09:37.6927959
9322B538-2781-4474-3C83-08DDD9E37FE3,6CF21703-9C03-45A2-DF1E-08DDD9DEB3DB,-115.3603566,32.5772892,Valle de Puebla,America/Dawson,1,2025-08-12 21:02:08.2885406,2025-08-12 21:02:08.2885406,504F46A6-4FE0-4CC2-6DCA-08DDD9DEA096,Mexicali,E540DE72-F5C4-4531-6421-08DDE0FE0D22,4B4F2D88-0068-4168-4499-08DC43939793,Cuarto de congelación,1,2025-08-21 22:10:01.8225881,2025-08-21 22:10:01.8225881
9322B538-2781-4474-3C83-08DDD9E37FE3,6CF21703-9C03-45A2-DF1E-08DDD9DEB3DB,-115.3603566,32.5772892,Valle de Puebla,America/Dawson,1,2025-08-12 21:02:08.2885406,2025-08-12 21:02:08.2885406,504F46A6-4FE0-4CC2-6DCA-08DDD9DEA096,Mexicali,24EEE149-589D-48BE-6422-08DDE0FE0D22,E8C9C0D8-D1FE-43D7-449A-08DC43939793,Cuarto de Maquinas,1,2025-08-21 22:10:14.9645851,2025-08-21 22:10:14.9645851
9322B538-2781-4474-3C83-08DDD9E37FE3,6CF21703-9C03-45A2-DF1E-08DDD9DEB3DB,-115.3603566,32.5772892,Valle de Puebla,America/Dawson,1,2025-08-12 21:02:08.2885406,2025-08-12 21:02:08.2885406,504F46A6-4FE0-4CC2-6DCA-08DDD9DEA096,Mexicali,9984D9E9-A642-4475-6423-08DDE0FE0D22,6EECD20E-FEC8-4CE9-6B14-08DC84AC71AC,Luces Exteriores,1,2025-08-21 22:10:33.3038825,2025-08-21 22:10:33.3038825
9322B538-2781-4474-3C83-08DDD9E37FE3,6CF21703-9C03-45A2-DF1E-08DDD9DEB3DB,-115.3603566,32.5772892,Valle de Puebla,America/Dawson,1,2025-08-12 21:02:08.2885406,2025-08-12 21:02:08.2885406,504F46A6-4FE0-4CC2-6DCA-08DDD9DEA096,Mexicali,E822BE99-9938-44DC-6424-08DDE0FE0D22,73C7AD34-FAA6-4134-A0CA-08DD8275FD07,Baños,1,2025-08-21 22:10:46.1126244,2025-08-21 22:10:46.1126244
9322B538-2781-4474-3C83-08DDD9E37FE3,6CF21703-9C03-45A2-DF1E-08DDD9DEB3DB,-115.3603566,32.5772892,Valle de Puebla,America/Dawson,1,2025-08-12 21:02:08.2885406,2025-08-12 21:02:08.2885406,504F46A6-4FE0-4CC2-6DCA-08DDD9DEA096,Mexicali,B784FC51-FEBD-40B1-4E06-08DDF243466D,C60279C4-892E-4722-4498-08DC43939793,Cuarto de conservación,1,2025-09-12 21:28:11.4784264,2025-09-12 21:28:11.4784264
629C200C-0114-41E2-3C84-08DDD9E37FE3,6CF21703-9C03-45A2-DF1E-08DDD9DEB3DB,-115.397272,32.615141,Plaza Carranza,America/Dawson,1,2025-08-12 22:42:23.7088325,2025-08-12 22:42:23.7088325,504F46A6-4FE0-4CC2-6DCA-08DDD9DEA096,Mexicali,E44E7760-2470-46E8-6425-08DDE0FE0D22,AB7D11A8-2F18-44CF-449B-08DC43939793,Comedor,1,2025-08-21 22:11:11.2836280,2025-08-21 22:11:11.2836280
629C200C-0114-41E2-3C84-08DDD9E37FE3,6CF21703-9C03-45A2-DF1E-08DDD9DEB3DB,-115.397272,32.615141,Plaza Carranza,America/Dawson,1,2025-08-12 22:42:23.7088325,2025-08-12 22:42:23.7088325,504F46A6-4FE0-4CC2-6DCA-08DDD9DEA096,Mexicali,7FAA0DF0-A577-42C1-6426-08DDE0FE0D22,504235CA-6D9A-42F5-449C-08DC43939793,Cocina,1,2025-08-21 22:11:20.2217124,2025-08-21 22:11:20.2217124
629C200C-0114-41E2-3C84-08DDD9E37FE3,6CF21703-9C03-45A2-DF1E-08DDD9DEB3DB,-115.397272,32.615141,Plaza Carranza,America/Dawson,1,2025-08-12 22:42:23.7088325,2025-08-12 22:42:23.7088325,504F46A6-4FE0-4CC2-6DCA-08DDD9DEA096,Mexicali,785F05A0-AFC2-4549-6427-08DDE0FE0D22,045CD9EE-0BE8-42D2-0B52-08DCE6F099CF,Mostrador,1,2025-08-21 22:11:30.4730469,2025-08-21 22:11:30.4730469
629C200C-0114-41E2-3C84-08DDD9E37FE3,6CF21703-9C03-45A2-DF1E-08DDD9DEB3DB,-115.397272,32.615141,Plaza Carranza,America/Dawson,1,2025-08-12 22:42:23.7088325,2025-08-12 22:42:23.7088325,504F46A6-4FE0-4CC2-6DCA-08DDD9DEA096,Mexicali,638189A7-637D-4397-6428-08DDE0FE0D22,CAE54885-B4B8-424B-0B55-08DCE6F099CF,Delivery,1,2025-08-21 22:11:42.4197269,2025-08-21 22:11:42.4197269
629C200C-0114-41E2-3C84-08DDD9E37FE3,6CF21703-9C03-45A2-DF1E-08DDD9DEB3DB,-115.397272,32.615141,Plaza Carranza,America/Dawson,1,2025-08-12 22:42:23.7088325,2025-08-12 22:42:23.7088325,504F46A6-4FE0-4CC2-6DCA-08DDD9DEA096,Mexicali,C18C0F89-B7EB-4B36-6429-08DDE0FE0D22,05C9E34D-7ED7-408B-6B12-08DC84AC71AC,Gerencia,1,2025-08-21 22:12:00.1194791,2025-08-21 22:12:00.1194791
629C200C-0114-41E2-3C84-08DDD9E37FE3,6CF21703-9C03-45A2-DF1E-08DDD9DEB3DB,-115.397272,32.615141,Plaza Carranza,America/Dawson,1,2025-08-12 22:42:23.7088325,2025-08-12 22:42:23.7088325,504F46A6-4FE0-4CC2-6DCA-08DDD9DEA096,Mexicali,129BD72B-5DDD-4CCE-642A-08DDE0FE0D22,4646C795-4647-43BD-0B54-08DCE6F099CF,Comedor doble altura,1,2025-08-21 22:12:17.9867625,2025-08-21 22:12:17.9867625
629C200C-0114-41E2-3C84-08DDD9E37FE3,6CF21703-9C03-45A2-DF1E-08DDD9DEB3DB,-115.397272,32.615141,Plaza Carranza,America/Dawson,1,2025-08-12 22:42:23.7088325,2025-08-12 22:42:23.7088325,504F46A6-4FE0-4CC2-6DCA-08DDD9DEA096,Mexicali,BC272243-AFC6-40B5-642B-08DDE0FE0D22,43BFEB0D-3995-42D4-0B53-08DCE6F099CF,Cuarto de empleados,1,2025-08-21 22:12:33.7062402,2025-08-21 22:12:33.7062402
629C200C-0114-41E2-3C84-08DDD9E37FE3,6CF21703-9C03-45A2-DF1E-08DDD9DEB3DB,-115.397272,32.615141,Plaza Carranza,America/Dawson,1,2025-08-12 22:42:23.7088325,2025-08-12 22:42:23.7088325,504F46A6-4FE0-4CC2-6DCA-08DDD9DEA096,Mexicali,F70BC58A-8032-4664-642C-08DDE0FE0D22,980F3D05-4C1F-458E-6B13-08DC84AC71AC,Maquina de sodas,1,2025-08-21 22:12:46.9461247,2025-08-21 22:12:46.9461247
629C200C-0114-41E2-3C84-08DDD9E37FE3,6CF21703-9C03-45A2-DF1E-08DDD9DEB3DB,-115.397272,32.615141,Plaza Carranza,America/Dawson,1,2025-08-12 22:42:23.7088325,2025-08-12 22:42:23.7088325,504F46A6-4FE0-4CC2-6DCA-08DDD9DEA096,Mexicali,2A012F35-4C7A-4536-642D-08DDE0FE0D22,E1553586-BA68-43BD-0B56-08DCE6F099CF,Wash,1,2025-08-21 22:12:59.4936637,2025-08-21 22:12:59.4936637
629C200C-0114-41E2-3C84-08DDD9E37FE3,6CF21703-9C03-45A2-DF1E-08DDD9DEB3DB,-115.397272,32.615141,Plaza Carranza,America/Dawson,1,2025-08-12 22:42:23.7088325,2025-08-12 22:42:23.7088325,504F46A6-4FE0-4CC2-6DCA-08DDD9DEA096,Mexicali,309E69C0-52A7-4132-642E-08DDE0FE0D22,14792C61-90B0-42AB-A882-08DC48551DA6,Almacen de secos,1,2025-08-21 22:13:14.7172393,2025-08-21 22:13:14.7172393
629C200C-0114-41E2-3C84-08DDD9E37FE3,6CF21703-9C03-45A2-DF1E-08DDD9DEB3DB,-115.397272,32.615141,Plaza Carranza,America/Dawson,1,2025-08-12 22:42:23.7088325,2025-08-12 22:42:23.7088325,504F46A6-4FE0-4CC2-6DCA-08DDD9DEA096,Mexicali,BAF3E2D3-D663-47EA-642F-08DDE0FE0D22,FF7305F1-5C6D-4D97-449D-08DC43939793,PlayLand,1,2025-08-21 22:13:25.0895589,2025-08-21 22:13:25.0895589
629C200C-0114-41E2-3C84-08DDD9E37FE3,6CF21703-9C03-45A2-DF1E-08DDD9DEB3DB,-115.397272,32.615141,Plaza Carranza,America/Dawson,1,2025-08-12 22:42:23.7088325,2025-08-12 22:42:23.7088325,504F46A6-4FE0-4CC2-6DCA-08DDD9DEA096,Mexicali,8E73639F-F8F0-4833-6430-08DDE0FE0D22,4B4F2D88-0068-4168-4499-08DC43939793,Cuarto de congelación,1,2025-08-21 22:13:39.2569343,2025-08-21 22:13:39.2569343
629C200C-0114-41E2-3C84-08DDD9E37FE3,6CF21703-9C03-45A2-DF1E-08DDD9DEB3DB,-115.397272,32.615141,Plaza Carranza,America/Dawson,1,2025-08-12 22:42:23.7088325,2025-08-12 22:42:23.7088325,504F46A6-4FE0-4CC2-6DCA-08DDD9DEA096,Mexicali,E363CA0C-174B-4872-6431-08DDE0FE0D22,C60279C4-892E-4722-4498-08DC43939793,Cuarto de conservación,1,2025-08-21 22:13:49.9021206,2025-08-21 22:13:49.9021206
629C200C-0114-41E2-3C84-08DDD9E37FE3,6CF21703-9C03-45A2-DF1E-08DDD9DEB3DB,-115.397272,32.615141,Plaza Carranza,America/Dawson,1,2025-08-12 22:42:23.7088325,2025-08-12 22:42:23.7088325,504F46A6-4FE0-4CC2-6DCA-08DDD9DEA096,Mexicali,CA34B1C5-6565-4AEB-6432-08DDE0FE0D22,E8C9C0D8-D1FE-43D7-449A-08DC43939793,Cuarto de maquinas,1,2025-08-21 22:14:00.7072731,2025-08-21 22:14:00.7072731
629C200C-0114-41E2-3C84-08DDD9E37FE3,6CF21703-9C03-45A2-DF1E-08DDD9DEB3DB,-115.397272,32.615141,Plaza Carranza,America/Dawson,1,2025-08-12 22:42:23.7088325,2025-08-12 22:42:23.7088325,504F46A6-4FE0-4CC2-6DCA-08DDD9DEA096,Mexicali,34E22BBF-4EFE-4954-6433-08DDE0FE0D22,6EECD20E-FEC8-4CE9-6B14-08DC84AC71AC,Luces exteriores,1,2025-08-21 22:14:13.0252272,2025-08-21 22:14:13.0252272
629C200C-0114-41E2-3C84-08DDD9E37FE3,6CF21703-9C03-45A2-DF1E-08DDD9DEB3DB,-115.397272,32.615141,Plaza Carranza,America/Dawson,1,2025-08-12 22:42:23.7088325,2025-08-12 22:42:23.7088325,504F46A6-4FE0-4CC2-6DCA-08DDD9DEA096,Mexicali,911FD96B-E2DD-45C7-6434-08DDE0FE0D22,73C7AD34-FAA6-4134-A0CA-08DD8275FD07,Baños,1,2025-08-21 22:14:29.6954317,2025-08-21 22:14:29.6954317
E0AEAB6A-E0C5-4034-3C85-08DDD9E37FE3,6CF21703-9C03-45A2-DF1E-08DDD9DEB3DB,-115.4459413,32.6295401,Benito Juarez,America/Dawson,1,2025-08-12 22:44:16.4654373,2025-08-12 22:44:16.4654373,504F46A6-4FE0-4CC2-6DCA-08DDD9DEA096,Mexicali,46AA3786-0591-46E3-6435-08DDE0FE0D22,AB7D11A8-2F18-44CF-449B-08DC43939793,Comedor,1,2025-08-21 22:14:54.3726861,2025-08-21 22:14:54.3726861
E0AEAB6A-E0C5-4034-3C85-08DDD9E37FE3,6CF21703-9C03-45A2-DF1E-08DDD9DEB3DB,-115.4459413,32.6295401,Benito Juarez,America/Dawson,1,2025-08-12 22:44:16.4654373,2025-08-12 22:44:16.4654373,504F46A6-4FE0-4CC2-6DCA-08DDD9DEA096,Mexicali,90588848-36F5-4707-6436-08DDE0FE0D22,504235CA-6D9A-42F5-449C-08DC43939793,Cocina,1,2025-08-21 22:15:52.8288813,2025-08-21 22:15:52.8288813
E0AEAB6A-E0C5-4034-3C85-08DDD9E37FE3,6CF21703-9C03-45A2-DF1E-08DDD9DEB3DB,-115.4459413,32.6295401,Benito Juarez,America/Dawson,1,2025-08-12 22:44:16.4654373,2025-08-12 22:44:16.4654373,504F46A6-4FE0-4CC2-6DCA-08DDD9DEA096,Mexicali,67EFBB29-06F1-48B2-6437-08DDE0FE0D22,6EECD20E-FEC8-4CE9-6B14-08DC84AC71AC,Luces exteriores,1,2025-08-21 22:16:05.0470466,2025-08-21 22:16:05.0470466
E0AEAB6A-E0C5-4034-3C85-08DDD9E37FE3,6CF21703-9C03-45A2-DF1E-08DDD9DEB3DB,-115.4459413,32.6295401,Benito Juarez,America/Dawson,1,2025-08-12 22:44:16.4654373,2025-08-12 22:44:16.4654373,504F46A6-4FE0-4CC2-6DCA-08DDD9DEA096,Mexicali,57E3224A-A5C4-45CB-6438-08DDE0FE0D22,045CD9EE-0BE8-42D2-0B52-08DCE6F099CF,Mostrador,1,2025-08-21 22:16:19.1804258,2025-08-21 22:16:19.1804258
E0AEAB6A-E0C5-4034-3C85-08DDD9E37FE3,6CF21703-9C03-45A2-DF1E-08DDD9DEB3DB,-115.4459413,32.6295401,Benito Juarez,America/Dawson,1,2025-08-12 22:44:16.4654373,2025-08-12 22:44:16.4654373,504F46A6-4FE0-4CC2-6DCA-08DDD9DEA096,Mexicali,252E74F1-6E88-4B18-6439-08DDE0FE0D22,CAE54885-B4B8-424B-0B55-08DCE6F099CF,Delivery,1,2025-08-21 22:16:30.0090717,2025-08-21 22:16:30.0090717
E0AEAB6A-E0C5-4034-3C85-08DDD9E37FE3,6CF21703-9C03-45A2-DF1E-08DDD9DEB3DB,-115.4459413,32.6295401,Benito Juarez,America/Dawson,1,2025-08-12 22:44:16.4654373,2025-08-12 22:44:16.4654373,504F46A6-4FE0-4CC2-6DCA-08DDD9DEA096,Mexicali,7D90193C-0C8B-4FDC-643A-08DDE0FE0D22,05C9E34D-7ED7-408B-6B12-08DC84AC71AC,gerencia,1,2025-08-21 22:16:41.8142212,2025-08-21 22:16:41.8142212
E0AEAB6A-E0C5-4034-3C85-08DDD9E37FE3,6CF21703-9C03-45A2-DF1E-08DDD9DEB3DB,-115.4459413,32.6295401,Benito Juarez,America/Dawson,1,2025-08-12 22:44:16.4654373,2025-08-12 22:44:16.4654373,504F46A6-4FE0-4CC2-6DCA-08DDD9DEA096,Mexicali,FE2E010B-59E2-4FEF-643B-08DDE0FE0D22,4646C795-4647-43BD-0B54-08DCE6F099CF,Comedor de doble altura,1,2025-08-21 22:16:55.9444291,2025-08-21 22:16:55.9444291
E0AEAB6A-E0C5-4034-3C85-08DDD9E37FE3,6CF21703-9C03-45A2-DF1E-08DDD9DEB3DB,-115.4459413,32.6295401,Benito Juarez,America/Dawson,1,2025-08-12 22:44:16.4654373,2025-08-12 22:44:16.4654373,504F46A6-4FE0-4CC2-6DCA-08DDD9DEA096,Mexicali,30297630-9EF5-477D-643C-08DDE0FE0D22,43BFEB0D-3995-42D4-0B53-08DCE6F099CF,Cuarto de empleados ,1,2025-08-21 22:17:12.4178752,2025-08-21 22:17:12.4178752
E0AEAB6A-E0C5-4034-3C85-08DDD9E37FE3,6CF21703-9C03-45A2-DF1E-08DDD9DEB3DB,-115.4459413,32.6295401,Benito Juarez,America/Dawson,1,2025-08-12 22:44:16.4654373,2025-08-12 22:44:16.4654373,504F46A6-4FE0-4CC2-6DCA-08DDD9DEA096,Mexicali,3161F983-37DA-4514-643D-08DDE0FE0D22,980F3D05-4C1F-458E-6B13-08DC84AC71AC,Maquina de sodas,1,2025-08-21 22:17:25.6334135,2025-08-21 22:17:25.6334135
E0AEAB6A-E0C5-4034-3C85-08DDD9E37FE3,6CF21703-9C03-45A2-DF1E-08DDD9DEB3DB,-115.4459413,32.6295401,Benito Juarez,America/Dawson,1,2025-08-12 22:44:16.4654373,2025-08-12 22:44:16.4654373,504F46A6-4FE0-4CC2-6DCA-08DDD9DEA096,Mexicali,2AC4BA5F-6FAD-4EDD-643E-08DDE0FE0D22,E1553586-BA68-43BD-0B56-08DCE6F099CF,Wash,1,2025-08-21 22:17:35.4439019,2025-08-21 22:17:35.4439019
E0AEAB6A-E0C5-4034-3C85-08DDD9E37FE3,6CF21703-9C03-45A2-DF1E-08DDD9DEB3DB,-115.4459413,32.6295401,Benito Juarez,America/Dawson,1,2025-08-12 22:44:16.4654373,2025-08-12 22:44:16.4654373,504F46A6-4FE0-4CC2-6DCA-08DDD9DEA096,Mexicali,0F90722E-3915-45A4-643F-08DDE0FE0D22,14792C61-90B0-42AB-A882-08DC48551DA6,Almacen de secos,1,2025-08-21 22:17:46.7875358,2025-08-21 22:17:46.7875358
E0AEAB6A-E0C5-4034-3C85-08DDD9E37FE3,6CF21703-9C03-45A2-DF1E-08DDD9DEB3DB,-115.4459413,32.6295401,Benito Juarez,America/Dawson,1,2025-08-12 22:44:16.4654373,2025-08-12 22:44:16.4654373,504F46A6-4FE0-4CC2-6DCA-08DDD9DEA096,Mexicali,105117F7-A60F-426A-6440-08DDE0FE0D22,FF7305F1-5C6D-4D97-449D-08DC43939793,PlayLand,1,2025-08-21 22:18:02.6570911,2025-08-21 22:18:02.6570911
E0AEAB6A-E0C5-4034-3C85-08DDD9E37FE3,6CF21703-9C03-45A2-DF1E-08DDD9DEB3DB,-115.4459413,32.6295401,Benito Juarez,America/Dawson,1,2025-08-12 22:44:16.4654373,2025-08-12 22:44:16.4654373,504F46A6-4FE0-4CC2-6DCA-08DDD9DEA096,Mexicali,3F372FA1-1E9A-4B95-6441-08DDE0FE0D22,4B4F2D88-0068-4168-4499-08DC43939793,Cuarto de congelación,1,2025-08-21 22:18:15.3786102,2025-08-21 22:18:15.3786102
E0AEAB6A-E0C5-4034-3C85-08DDD9E37FE3,6CF21703-9C03-45A2-DF1E-08DDD9DEB3DB,-115.4459413,32.6295401,Benito Juarez,America/Dawson,1,2025-08-12 22:44:16.4654373,2025-08-12 22:44:16.4654373,504F46A6-4FE0-4CC2-6DCA-08DDD9DEA096,Mexicali,457A75A2-CAC9-4C47-6442-08DDE0FE0D22,C60279C4-892E-4722-4498-08DC43939793,Cuarto de conservación,1,2025-08-21 22:18:25.3625836,2025-08-21 22:18:25.3625836
E0AEAB6A-E0C5-4034-3C85-08DDD9E37FE3,6CF21703-9C03-45A2-DF1E-08DDD9DEB3DB,-115.4459413,32.6295401,Benito Juarez,America/Dawson,1,2025-08-12 22:44:16.4654373,2025-08-12 22:44:16.4654373,504F46A6-4FE0-4CC2-6DCA-08DDD9DEA096,Mexicali,92A9258D-990A-4B5E-6443-08DDE0FE0D22,E8C9C0D8-D1FE-43D7-449A-08DC43939793,Cuarto de Maquinas,1,2025-08-21 22:18:37.2532168,2025-08-21 22:18:37.2532168
E0AEAB6A-E0C5-4034-3C85-08DDD9E37FE3,6CF21703-9C03-45A2-DF1E-08DDD9DEB3DB,-115.4459413,32.6295401,Benito Juarez,America/Dawson,1,2025-08-12 22:44:16.4654373,2025-08-12 22:44:16.4654373,504F46A6-4FE0-4CC2-6DCA-08DDD9DEA096,Mexicali,E5C029BF-DF11-413B-6444-08DDE0FE0D22,73C7AD34-FAA6-4134-A0CA-08DD8275FD07,Baños ,1,2025-08-21 22:18:58.2722152,2025-08-21 22:18:58.2722152
E9CA3CBD-5499-402C-3C86-08DDD9E37FE3,6CF21703-9C03-45A2-DF1E-08DDD9DEB3DB,-115.494154,32.6234343,Villa Fontana,America/Dawson,1,2025-08-12 22:46:42.0685742,2025-08-12 22:46:42.0685742,504F46A6-4FE0-4CC2-6DCA-08DDD9DEA096,Mexicali,CD470CB0-F7E1-470B-6445-08DDE0FE0D22,AB7D11A8-2F18-44CF-449B-08DC43939793,Comedor,1,2025-08-21 22:23:34.1764535,2025-08-21 22:23:34.1764535
E9CA3CBD-5499-402C-3C86-08DDD9E37FE3,6CF21703-9C03-45A2-DF1E-08DDD9DEB3DB,-115.494154,32.6234343,Villa Fontana,America/Dawson,1,2025-08-12 22:46:42.0685742,2025-08-12 22:46:42.0685742,504F46A6-4FE0-4CC2-6DCA-08DDD9DEA096,Mexicali,6E12AEC7-EFDD-417B-6446-08DDE0FE0D22,504235CA-6D9A-42F5-449C-08DC43939793,Cocina,1,2025-08-21 22:23:42.2543684,2025-08-21 22:23:42.2543684
E9CA3CBD-5499-402C-3C86-08DDD9E37FE3,6CF21703-9C03-45A2-DF1E-08DDD9DEB3DB,-115.494154,32.6234343,Villa Fontana,America/Dawson,1,2025-08-12 22:46:42.0685742,2025-08-12 22:46:42.0685742,504F46A6-4FE0-4CC2-6DCA-08DDD9DEA096,Mexicali,E164017C-D684-4FAA-6447-08DDE0FE0D22,045CD9EE-0BE8-42D2-0B52-08DCE6F099CF,Mostrador,1,2025-08-21 22:23:53.8877927,2025-08-21 22:23:53.8877927
E9CA3CBD-5499-402C-3C86-08DDD9E37FE3,6CF21703-9C03-45A2-DF1E-08DDD9DEB3DB,-115.494154,32.6234343,Villa Fontana,America/Dawson,1,2025-08-12 22:46:42.0685742,2025-08-12 22:46:42.0685742,504F46A6-4FE0-4CC2-6DCA-08DDD9DEA096,Mexicali,8DD36070-AF8C-4D5C-6448-08DDE0FE0D22,CAE54885-B4B8-424B-0B55-08DCE6F099CF,Delivery,1,2025-08-21 22:24:07.2543448,2025-08-21 22:24:07.2543448
E9CA3CBD-5499-402C-3C86-08DDD9E37FE3,6CF21703-9C03-45A2-DF1E-08DDD9DEB3DB,-115.494154,32.6234343,Villa Fontana,America/Dawson,1,2025-08-12 22:46:42.0685742,2025-08-12 22:46:42.0685742,504F46A6-4FE0-4CC2-6DCA-08DDD9DEA096,Mexicali,50E5D573-1929-406C-6449-08DDE0FE0D22,05C9E34D-7ED7-408B-6B12-08DC84AC71AC,Gerencia,1,2025-08-21 22:24:15.4731482,2025-08-21 22:24:15.4731482
E9CA3CBD-5499-402C-3C86-08DDD9E37FE3,6CF21703-9C03-45A2-DF1E-08DDD9DEB3DB,-115.494154,32.6234343,Villa Fontana,America/Dawson,1,2025-08-12 22:46:42.0685742,2025-08-12 22:46:42.0685742,504F46A6-4FE0-4CC2-6DCA-08DDD9DEA096,Mexicali,FD2DBABF-0147-4574-644A-08DDE0FE0D22,4646C795-4647-43BD-0B54-08DCE6F099CF,Comedor de doble altura,1,2025-08-21 22:24:26.1248314,2025-08-21 22:24:26.1248314
E9CA3CBD-5499-402C-3C86-08DDD9E37FE3,6CF21703-9C03-45A2-DF1E-08DDD9DEB3DB,-115.494154,32.6234343,Villa Fontana,America/Dawson,1,2025-08-12 22:46:42.0685742,2025-08-12 22:46:42.0685742,504F46A6-4FE0-4CC2-6DCA-08DDD9DEA096,Mexicali,EB2D012D-5B61-4D5A-644B-08DDE0FE0D22,43BFEB0D-3995-42D4-0B53-08DCE6F099CF,Cuarto de empleados,1,2025-08-21 22:24:45.0906907,2025-08-21 22:24:45.0906907
E9CA3CBD-5499-402C-3C86-08DDD9E37FE3,6CF21703-9C03-45A2-DF1E-08DDD9DEB3DB,-115.494154,32.6234343,Villa Fontana,America/Dawson,1,2025-08-12 22:46:42.0685742,2025-08-12 22:46:42.0685742,504F46A6-4FE0-4CC2-6DCA-08DDD9DEA096,Mexicali,046E3D68-5B15-4BC0-644C-08DDE0FE0D22,980F3D05-4C1F-458E-6B13-08DC84AC71AC,Maquina de sodas,1,2025-08-21 22:24:55.9977339,2025-08-21 22:24:55.9977339
E9CA3CBD-5499-402C-3C86-08DDD9E37FE3,6CF21703-9C03-45A2-DF1E-08DDD9DEB3DB,-115.494154,32.6234343,Villa Fontana,America/Dawson,1,2025-08-12 22:46:42.0685742,2025-08-12 22:46:42.0685742,504F46A6-4FE0-4CC2-6DCA-08DDD9DEA096,Mexicali,A287D2E5-3FE2-47B6-644D-08DDE0FE0D22,E1553586-BA68-43BD-0B56-08DCE6F099CF,Wash,1,2025-08-21 22:25:06.4941138,2025-08-21 22:25:06.4941138
E9CA3CBD-5499-402C-3C86-08DDD9E37FE3,6CF21703-9C03-45A2-DF1E-08DDD9DEB3DB,-115.494154,32.6234343,Villa Fontana,America/Dawson,1,2025-08-12 22:46:42.0685742,2025-08-12 22:46:42.0685742,504F46A6-4FE0-4CC2-6DCA-08DDD9DEA096,Mexicali,1A8F72BD-32CE-46BA-644E-08DDE0FE0D22,14792C61-90B0-42AB-A882-08DC48551DA6,Almacen de secos,1,2025-08-21 22:25:18.8702178,2025-08-21 22:25:18.8702178
E9CA3CBD-5499-402C-3C86-08DDD9E37FE3,6CF21703-9C03-45A2-DF1E-08DDD9DEB3DB,-115.494154,32.6234343,Villa Fontana,America/Dawson,1,2025-08-12 22:46:42.0685742,2025-08-12 22:46:42.0685742,504F46A6-4FE0-4CC2-6DCA-08DDD9DEA096,Mexicali,52E8FF62-E009-4966-644F-08DDE0FE0D22,FF7305F1-5C6D-4D97-449D-08DC43939793,Play Land,1,2025-08-21 22:25:34.2235326,2025-08-21 22:25:34.2235326
E9CA3CBD-5499-402C-3C86-08DDD9E37FE3,6CF21703-9C03-45A2-DF1E-08DDD9DEB3DB,-115.494154,32.6234343,Villa Fontana,America/Dawson,1,2025-08-12 22:46:42.0685742,2025-08-12 22:46:42.0685742,504F46A6-4FE0-4CC2-6DCA-08DDD9DEA096,Mexicali,2B295AC7-9813-4F0B-6450-08DDE0FE0D22,4B4F2D88-0068-4168-4499-08DC43939793,cuarto de congelación,1,2025-08-21 22:25:50.6084774,2025-08-21 22:25:50.6084774
E9CA3CBD-5499-402C-3C86-08DDD9E37FE3,6CF21703-9C03-45A2-DF1E-08DDD9DEB3DB,-115.494154,32.6234343,Villa Fontana,America/Dawson,1,2025-08-12 22:46:42.0685742,2025-08-12 22:46:42.0685742,504F46A6-4FE0-4CC2-6DCA-08DDD9DEA096,Mexicali,5FD9582A-55E8-41B6-6451-08DDE0FE0D22,C60279C4-892E-4722-4498-08DC43939793,Cuarto de conservación,1,2025-08-21 22:26:04.0099139,2025-08-21 22:26:04.0099139
E9CA3CBD-5499-402C-3C86-08DDD9E37FE3,6CF21703-9C03-45A2-DF1E-08DDD9DEB3DB,-115.494154,32.6234343,Villa Fontana,America/Dawson,1,2025-08-12 22:46:42.0685742,2025-08-12 22:46:42.0685742,504F46A6-4FE0-4CC2-6DCA-08DDD9DEA096,Mexicali,4A19C4F4-E4DC-456B-6452-08DDE0FE0D22,E8C9C0D8-D1FE-43D7-449A-08DC43939793,Cuarto de máquinas,1,2025-08-21 22:26:22.8825018,2025-08-21 22:26:22.8825018
E9CA3CBD-5499-402C-3C86-08DDD9E37FE3,6CF21703-9C03-45A2-DF1E-08DDD9DEB3DB,-115.494154,32.6234343,Villa Fontana,America/Dawson,1,2025-08-12 22:46:42.0685742,2025-08-12 22:46:42.0685742,504F46A6-4FE0-4CC2-6DCA-08DDD9DEA096,Mexicali,ACA4BD15-03AE-4966-6453-08DDE0FE0D22,6EECD20E-FEC8-4CE9-6B14-08DC84AC71AC,Luces exteriores,1,2025-08-21 22:26:32.3473181,2025-08-21 22:26:32.3473181
E9CA3CBD-5499-402C-3C86-08DDD9E37FE3,6CF21703-9C03-45A2-DF1E-08DDD9DEB3DB,-115.494154,32.6234343,Villa Fontana,America/Dawson,1,2025-08-12 22:46:42.0685742,2025-08-12 22:46:42.0685742,504F46A6-4FE0-4CC2-6DCA-08DDD9DEA096,Mexicali,55CC00EA-94F5-4BFA-6454-08DDE0FE0D22,73C7AD34-FAA6-4134-A0CA-08DD8275FD07,Baños,1,2025-08-21 22:26:42.9301394,2025-08-21 22:26:42.9301394
