SensorId,SensorTyId,DeviceId,ModelId,Name,Active,CreatedAt,ModifiedAt
A96B8CC1-EE11-4B23-8ED4-009716582C64,9D7377E0-82EC-49C1-A1BD-08DC4397766E,32E2C47E-D9A7-4B90-85BF-A049537A3B85,683A07C0-2667-4561-A6CC-08DDF2109451,Fase 2,1,2025-09-12 16:27:36.1554194,2025-09-12 16:27:36.1554194
2F2E7360-BB5B-406A-A346-015C7E0C3C16,8DCFFF66-4B0E-42A0-26B4-08DC84ADECD9,CF92A35A-0B92-4DFA-A9EA-8A54150DDACD,0440E616-A780-45C1-95A1-08DC84A8A9D2,Cisterna Agua Interna,0,2025-02-07 20:13:16.3037102,2025-08-12 20:34:48.5357274
8CF875D9-4FE4-49C2-9A3B-019634A33710,5485A1F6-3775-436F-A1B9-08DC4397766E,724834F5-B593-4E6C-9C7B-B3E017025318,74990137-5845-4ECF-9156-08DD49F97E9E,Temperatura,0,2025-03-21 20:39:47.4869394,2025-08-13 19:16:46.3381574
A7A50B5F-664F-4EDD-BE90-01B03D3DA82D,A10313E6-4D60-4C90-26B5-08DC84ADECD9,490C7206-8705-444F-ADCD-1E7591222F29,A3799BB1-C2E1-4E07-95A0-08DC84A8A9D2,Switch 2,1,2025-04-10 22:00:29.5395765,2025-04-10 22:00:29.5395765
A468CB05-9D22-4CF0-B707-01BD83B6EC84,5485A1F6-3775-436F-A1B9-08DC4397766E,9D5E9B81-70CE-4DD6-90D0-006F7DA796FA,5F54E678-F237-477D-959E-08DC84A8A9D2,Temperatura,1,2025-03-06 15:03:38.5720176,2025-08-12 19:00:55.6130793
7305DCFD-ACFF-441D-84F4-04031A9AED6C,9D7377E0-82EC-49C1-A1BD-08DC4397766E,CA1844D2-CCB3-422E-A011-E7440F78EA7A,0440E616-A780-45C1-95A1-08DC84A8A9D2,Fase 1,1,2025-02-11 21:23:14.3401116,2025-02-11 21:23:14.3401116
F9F2F013-9114-4C93-B573-045DB3D2869D,A10313E6-4D60-4C90-26B5-08DC84ADECD9,33988121-56DE-4302-8A3F-1E4E4EBEC1BA,A3799BB1-C2E1-4E07-95A0-08DC84A8A9D2,Switch 2,0,2025-09-12 18:18:25.4579416,2025-09-15 21:25:26.1739089
A2CE7D5E-5484-4A24-B973-04BD3333B97F,9ABA7228-87EF-482A-A1BB-08DC4397766E,1D63496A-3062-47C4-9487-8CE8622AEE01,D719BE13-A4CD-4F8F-9157-08DD49F97E9E,Estado puerta de emergencia,0,2025-02-10 19:28:31.3921850,2025-08-12 19:36:25.5609581
85527517-1533-4935-AE54-04E3C4072184,9ABA7228-87EF-482A-A1BB-08DC4397766E,42EE0085-6755-4838-9CC3-3F20717D1A93,D719BE13-A4CD-4F8F-9157-08DD49F97E9E,Puerta azotea,0,2025-02-12 22:53:16.0200275,2025-08-12 19:56:22.8057137
7C98BB44-27EF-47A3-9A32-068FEA2FBAAE,9D7377E0-82EC-49C1-A1BD-08DC4397766E,D27783B9-DBE2-4250-9DC7-F8C073A96EEF,0440E616-A780-45C1-95A1-08DC84A8A9D2,Fase 2,1,2025-02-10 21:31:13.1200555,2025-02-10 21:31:13.1200555
1A42FDEC-465C-4498-99B0-069AB7AA4400,279BB078-A028-45C7-A1BA-08DC4397766E,D9F619E6-1F2C-426E-9570-629B43CDA015,74990137-5845-4ECF-9156-08DD49F97E9E,Humedad,0,2025-02-11 19:44:15.8755946,2025-08-12 20:00:20.6195340
53E82E0F-4002-4BFE-9524-06BF0224F1EF,9D7377E0-82EC-49C1-A1BD-08DC4397766E,9D5E9B81-70CE-4DD6-90D0-006F7DA796FA,0440E616-A780-45C1-95A1-08DC84A8A9D2,Fase 3,1,2025-03-06 15:14:53.2749929,2025-03-06 15:14:53.2749929
22C06074-58CF-4BF4-8688-07675DAC5777,9D7377E0-82EC-49C1-A1BD-08DC4397766E,9B697DDD-E17F-4797-9562-A972E2989BD2,0440E616-A780-45C1-95A1-08DC84A8A9D2,Fase 1,1,2025-02-12 19:47:11.4663993,2025-02-12 19:47:11.4663993
5064C764-1FA5-49D8-9B8F-080D9EB38AB7,9D7377E0-82EC-49C1-A1BD-08DC4397766E,3E4C183B-2BC4-4E1F-7AD5-08DC484D82CA,D4E53753-7F96-4124-26BD-08DC43962801,Fase 1,1,2024-03-19 20:29:38.7725721,2024-03-19 20:29:38.7725721
EE8CD8E9-E327-4CAE-BD74-0B5CEE140337,8DCFFF66-4B0E-42A0-26B4-08DC84ADECD9,776A7695-9650-46A0-8651-B02946E0E18E,0440E616-A780-45C1-95A1-08DC84A8A9D2,Cisterna Agua Interna,0,2025-02-18 20:54:55.8814281,2025-08-12 19:53:16.5319778
063276ED-657E-40A2-A17B-0C685AF518F6,9D7377E0-82EC-49C1-A1BD-08DC4397766E,9E09B069-82DE-4FBE-8CF1-97BF8B6A8490,9A0C8972-B925-434A-959F-08DC84A8A9D2,Acometida principal F2 Derivación 2,0,2024-06-04 15:58:48.7463288,2025-08-07 17:05:30.9858435
18721975-F4A6-4FD8-9752-0F5AB211B2FA,A10313E6-4D60-4C90-26B5-08DC84ADECD9,58740869-2027-4917-9A66-C20003422F7C,A3799BB1-C2E1-4E07-95A0-08DC84A8A9D2,Switch 1,1,2025-08-19 17:37:47.6827184,2025-08-19 17:37:47.6827184
1BE983D7-E315-4EC2-8A9F-10A6F2E02BEB,9D7377E0-82EC-49C1-A1BD-08DC4397766E,55C1A24A-986E-49CC-85EF-3AEC76375CFC,0440E616-A780-45C1-95A1-08DC84A8A9D2,Fase 3 Derivación 2,0,2025-03-10 17:46:24.9126704,2025-08-12 19:14:36.4392649
1E95BF09-B1EE-4E20-9BC9-114BAB9807CC,9D7377E0-82EC-49C1-A1BD-08DC4397766E,14D14673-1348-48D9-83C5-CB13B662FA37,0440E616-A780-45C1-95A1-08DC84A8A9D2,Fase 2,1,2025-02-07 18:47:47.4079642,2025-02-07 18:47:47.4079642
2D06A1C9-99A4-42AE-BD7E-11F70030F2D2,9D7377E0-82EC-49C1-A1BD-08DC4397766E,18B1155F-DBEA-44AA-98FA-11E571E965F1,0440E616-A780-45C1-95A1-08DC84A8A9D2,Fase 2,1,2025-02-10 21:38:00.7066512,2025-02-10 21:38:00.7066512
7D1AE1C4-D3E2-4F5D-A765-134E79C4617F,9D7377E0-82EC-49C1-A1BD-08DC4397766E,8A97714B-379B-41AB-988D-B1BE47199793,0440E616-A780-45C1-95A1-08DC84A8A9D2,Fase 1,1,2025-03-24 22:15:55.3773678,2025-03-24 22:15:55.3773678
2DB12284-062B-42B7-B540-142D07749E2D,8DCFFF66-4B0E-42A0-26B4-08DC84ADECD9,A75DCA42-2CDA-4596-7AD1-08DC484D82CA,0440E616-A780-45C1-95A1-08DC84A8A9D2,Cisterna Agua Externa,0,2024-06-04 16:58:23.3392415,2025-08-07 17:55:11.9934603
6D1AB03D-468E-4807-8674-14A16A1DAD77,27CF176D-2BF1-4EDC-A1BE-08DC4397766E,CF92A35A-0B92-4DFA-A9EA-8A54150DDACD,0440E616-A780-45C1-95A1-08DC84A8A9D2,Presión Agua Interna,0,2025-02-07 20:26:44.7585439,2025-08-27 15:23:16.1468627
BAFEE368-0F35-460D-BA2C-155EB5D2FBE4,9D7377E0-82EC-49C1-A1BD-08DC4397766E,5A0FF473-2751-4B30-AF16-8F80FD7B83DE,683A07C0-2667-4561-A6CC-08DDF2109451,Fase 2,1,2025-09-12 16:39:45.0461410,2025-09-15 21:14:36.9955848
7F3A21B3-AC8E-4D03-8746-168CF3D5F58E,A10313E6-4D60-4C90-26B5-08DC84ADECD9,E332D70D-364F-4A33-B723-EAF48C65FCAE,A3799BB1-C2E1-4E07-95A0-08DC84A8A9D2,Switch 3,1,2025-08-19 15:16:12.4726937,2025-08-19 15:16:12.4726937
CDF86DEC-3D32-4772-BC22-16CC230586AF,9ABA7228-87EF-482A-A1BB-08DC4397766E,43A515E7-E7FA-4305-8CB6-65AFD0E315A8,A3799BB1-C2E1-4E07-95A0-08DC84A8A9D2,Puerta,0,2025-02-05 18:30:30.9914416,2025-08-12 20:23:52.0902019
4E31DE1F-3575-4BFF-9975-176B024185DA,9D7377E0-82EC-49C1-A1BD-08DC4397766E,55C1A24A-986E-49CC-85EF-3AEC76375CFC,0440E616-A780-45C1-95A1-08DC84A8A9D2,Fase 2 Derivación 2,0,2025-03-10 17:45:19.9292558,2025-08-12 19:14:42.0230060
C8E38CB1-2243-41DE-96C8-17F2F44E1A2A,9D7377E0-82EC-49C1-A1BD-08DC4397766E,30FD6B3C-3187-447B-A5DF-5DAAE8B96BF4,0440E616-A780-45C1-95A1-08DC84A8A9D2,Fase 1,1,2025-03-06 15:40:42.2567651,2025-03-06 15:40:42.2567651
EB4DC16C-0C5F-4C25-85A7-18BC068BEA27,9D7377E0-82EC-49C1-A1BD-08DC4397766E,8CD4F345-9E85-44F2-A712-5C220D9259A9,9A0C8972-B925-434A-959F-08DC84A8A9D2,Fase 1 - Derivación 2,0,2025-02-05 21:41:58.8999637,2025-08-12 20:36:49.3389276
75E2E8CB-7CD6-4C83-A39D-1999D24EDF23,A10313E6-4D60-4C90-26B5-08DC84ADECD9,7FE56B12-DF8A-4D40-B895-825033871B59,A3799BB1-C2E1-4E07-95A0-08DC84A8A9D2,Switch 1,1,2025-09-12 18:15:15.5092373,2025-09-12 18:15:15.5092373
B026A4EA-4C36-41B3-8071-1AB1987E9029,9D7377E0-82EC-49C1-A1BD-08DC4397766E,30FD6B3C-3187-447B-A5DF-5DAAE8B96BF4,0440E616-A780-45C1-95A1-08DC84A8A9D2,Fase 2,1,2025-03-06 15:43:23.8761989,2025-03-06 15:43:23.8761989
FF240737-D888-45BC-BF42-1BDFEA129044,9ABA7228-87EF-482A-A1BB-08DC4397766E,696FE373-EA4F-413F-A29E-BD43B6746F4A,5F54E678-F237-477D-959E-08DC84A8A9D2,Puerta,0,2025-02-10 18:17:17.0404662,2025-08-12 19:18:33.8790768
EFD4FAB3-CA3A-4D2C-B1AC-1CF880829852,C7B5C18B-8EC7-4224-8907-08DDEFF3AB11,7E8F020E-AFA7-48E0-82F6-BDCEC9F099A7,B77A6FDA-F0C6-4C10-A6CB-08DDF2109451,Modo Ventilador,1,2025-09-12 17:14:04.0313116,2025-09-12 17:14:04.0313116
36065F12-8009-46F4-A1C8-1DBE3B3F2BA3,A10313E6-4D60-4C90-26B5-08DC84ADECD9,68CDDBC6-298E-4DDE-88CB-6C03AD5D24D1,A3799BB1-C2E1-4E07-95A0-08DC84A8A9D2,Switch 3,1,2025-08-19 17:45:21.8886793,2025-08-19 17:45:21.8886793
9004CBE2-1345-4360-8CD6-1E7518467521,A10313E6-4D60-4C90-26B5-08DC84ADECD9,2B081F0F-49D1-4AA3-B4B7-06395AA14DE0,A3799BB1-C2E1-4E07-95A0-08DC84A8A9D2,Switch 3,1,2025-09-12 18:13:18.1015252,2025-09-12 18:13:18.1015252
D09EA7D0-0A30-4512-94DA-1F51FD388884,A10313E6-4D60-4C90-26B5-08DC84ADECD9,AD93DD71-7AAA-4CE1-B72E-BEBDBC596EE4,A3799BB1-C2E1-4E07-95A0-08DC84A8A9D2,Switch 2,1,2025-04-10 22:57:32.3898318,2025-04-10 22:57:32.3898318
A4DD4703-B7C0-4B09-A4DA-20EBD2E0DA87,9D7377E0-82EC-49C1-A1BD-08DC4397766E,3FF9E0C5-E968-4CAE-B8B1-9482B8EB386F,9A0C8972-B925-434A-959F-08DC84A8A9D2,Fase 1,1,2024-06-04 16:04:13.3176571,2024-06-04 16:04:13.3176571
621BD443-82C1-497E-B592-21843830A51C,9D7377E0-82EC-49C1-A1BD-08DC4397766E,61403F55-30BE-4257-9BC6-4872E73CDFC4,0440E616-A780-45C1-95A1-08DC84A8A9D2,Fase 2,1,2025-03-14 22:22:11.8127250,2025-03-14 22:22:11.8127250
90CC2D76-17EC-4C7B-9A60-227DA77EA3BA,A10313E6-4D60-4C90-26B5-08DC84ADECD9,FAAF57D0-DCD3-4E8A-8C9A-57914F0F29CC,A3799BB1-C2E1-4E07-95A0-08DC84A8A9D2,Switch 2,1,2025-08-19 18:52:57.0535711,2025-08-19 18:52:57.0535711
C4A40C3C-B070-4CBB-996A-2431A8974270,5485A1F6-3775-436F-A1B9-08DC4397766E,E79787D1-7A8E-4806-AC1B-2EA0BD86A8A1,5F54E678-F237-477D-959E-08DC84A8A9D2,Temperatura,0,2025-02-10 19:23:46.1847082,2025-08-12 19:12:48.5154674
9AE13666-A64F-49DC-9308-24F26B2DACBA,9D7377E0-82EC-49C1-A1BD-08DC4397766E,2BDB43FB-C3EE-4D08-AA96-7FF5BF3904A6,0440E616-A780-45C1-95A1-08DC84A8A9D2,Fase 1,1,2025-02-10 21:41:55.9848754,2025-02-10 21:41:55.9848754
57FE6274-AE44-40FD-9DB8-253D00AA6642,27CF176D-2BF1-4EDC-A1BE-08DC4397766E,53838C72-6170-42B3-9747-36E93D523143,0440E616-A780-45C1-95A1-08DC84A8A9D2,Presión Agua Interna,0,2025-03-21 16:33:44.9678623,2025-08-27 15:31:15.9794361
475674C6-009D-4A7F-90F6-25682E5812F0,9D7377E0-82EC-49C1-A1BD-08DC4397766E,93D92608-4B66-41B5-B00F-B5B82AC52F3A,0440E616-A780-45C1-95A1-08DC84A8A9D2,Fase 2 Derivación 1,0,2025-03-10 17:20:43.2438813,2025-08-12 19:57:09.0884508
E66EBB52-8EA9-43F4-B526-2592E11688C3,9ABA7228-87EF-482A-A1BB-08DC4397766E,30D3057E-4960-467D-B090-672B92E2D00E,D719BE13-A4CD-4F8F-9157-08DD49F97E9E,Puerta,0,2025-03-06 15:54:00.3309244,2025-08-12 19:53:56.2952708
1DE25012-889F-4FF1-BD85-25E2284F7769,5485A1F6-3775-436F-A1B9-08DC4397766E,4C2A12D5-72AA-4D7F-90F4-652FCC491513,74990137-5845-4ECF-9156-08DD49F97E9E,Temperatura,0,2025-03-06 16:03:04.9249649,2025-08-12 19:36:29.0567431
C1367C26-8470-4279-92D5-274804A72312,9D7377E0-82EC-49C1-A1BD-08DC4397766E,B96B2528-80B5-48AA-9980-63E2A3B80180,0440E616-A780-45C1-95A1-08DC84A8A9D2,Fase 1,1,2025-02-18 21:39:57.7780402,2025-02-18 21:39:57.7780402
1055B9D4-4E9D-406D-A907-28286B775033,9D7377E0-82EC-49C1-A1BD-08DC4397766E,CA1844D2-CCB3-422E-A011-E7440F78EA7A,0440E616-A780-45C1-95A1-08DC84A8A9D2,Fase 2,1,2025-02-11 21:24:52.3626220,2025-02-11 21:24:52.3626220
4116CB93-2F0C-459A-A88D-28415521FFB5,9D7377E0-82EC-49C1-A1BD-08DC4397766E,8DB1C508-58F3-481E-96A7-96CFB248FD06,0440E616-A780-45C1-95A1-08DC84A8A9D2,Fase 1,1,2025-02-12 19:05:17.1978144,2025-02-12 19:05:17.1978144
3922B5EE-DDFC-4AE6-9570-28A31177C96C,9ABA7228-87EF-482A-A1BB-08DC4397766E,20280C50-7125-4C67-7ADA-08DC484D82CA,D4E53753-7F96-4124-26BD-08DC43962801,Estado puerta servicio congelacion 1,0,2024-03-19 21:00:14.2889603,2024-06-04 17:13:06.6266667
C836A7C6-338D-47FC-BA1F-28EBDE59C0B5,279BB078-A028-45C7-A1BA-08DC4397766E,61403F55-30BE-4257-9BC6-4872E73CDFC4,5F54E678-F237-477D-959E-08DC84A8A9D2,Humedad,1,2025-03-14 22:42:23.0206146,2025-08-13 18:03:35.5420244
1929D6D6-D2C8-4E2A-AF69-2B6FB0CD590F,A10313E6-4D60-4C90-26B5-08DC84ADECD9,C0B0E855-A11A-49EE-9C0F-94F09AF4B16F,A3799BB1-C2E1-4E07-95A0-08DC84A8A9D2,Road sign 1 switch 2,1,2024-06-04 16:31:44.9466079,2024-06-04 16:31:44.9466079
B834AA58-2D58-47C3-9F8C-2C3C3CA271D3,9ABA7228-87EF-482A-A1BB-08DC4397766E,20280C50-7125-4C67-7ADA-08DC484D82CA,5F54E678-F237-477D-959E-08DC84A8A9D2,Estado puerta servicio congelación 1,0,2024-06-04 15:34:36.6109901,2025-08-07 18:11:31.5394600
560AC874-6E72-4FC0-8901-2C3D5C8FE947,9D7377E0-82EC-49C1-A1BD-08DC4397766E,32E2C47E-D9A7-4B90-85BF-A049537A3B85,683A07C0-2667-4561-A6CC-08DDF2109451,Fase 1,1,2025-09-12 16:27:05.5326713,2025-09-12 16:27:05.5326713
E2744010-E73C-4BB4-BFC0-2E1E2AF6970F,9ABA7228-87EF-482A-A1BB-08DC4397766E,61403F55-30BE-4257-9BC6-4872E73CDFC4,5F54E678-F237-477D-959E-08DC84A8A9D2,Puerta Servicio,0,2025-03-14 22:41:00.1010224,2025-08-13 19:22:09.7863417
D8FF77AF-F1FA-4EC3-B491-2E55F7F96149,9D7377E0-82EC-49C1-A1BD-08DC4397766E,F2FFE4A3-CE7B-47FB-9A47-C3189FFC58AA,0440E616-A780-45C1-95A1-08DC84A8A9D2,Fase 3,1,2025-03-06 16:17:32.1798794,2025-03-06 16:17:32.1798794
0F6A552B-3F6A-48F1-B13A-2E7734CF957D,9ABA7228-87EF-482A-A1BB-08DC4397766E,6C28BDB1-4B19-436A-ACF1-D6B687440B27,5F54E678-F237-477D-959E-08DC84A8A9D2,Estado caja fuerte gerencia,0,2024-06-04 15:42:50.8271323,2025-08-07 17:29:43.1391440
485E3767-DBA2-4280-8BB4-2F38F48F3993,A10313E6-4D60-4C90-26B5-08DC84ADECD9,7B7ADD59-43C7-45C8-B485-F0D388EC3658,A3799BB1-C2E1-4E07-95A0-08DC84A8A9D2,Alumbrado exterior 1 switch 3,1,2024-06-04 16:46:50.4095393,2024-06-04 16:46:50.4095393
76BC2667-D575-4C9F-9014-301C34B3FFCB,9D7377E0-82EC-49C1-A1BD-08DC4397766E,5A0FF473-2751-4B30-AF16-8F80FD7B83DE,683A07C0-2667-4561-A6CC-08DDF2109451,Fase 2,0,2025-09-12 16:39:12.4812979,2025-09-15 21:14:29.3580360
3C454F8F-B50B-4E07-B8D4-30317B876C70,A10313E6-4D60-4C90-26B5-08DC84ADECD9,67EA4A5D-A712-40F7-AD01-F7F6A4802745,A3799BB1-C2E1-4E07-95A0-08DC84A8A9D2,Switch 1,1,2025-04-10 23:00:02.9339628,2025-04-10 23:00:02.9339628
4BCC63A8-93CD-491F-878E-311372F573D3,A10313E6-4D60-4C90-26B5-08DC84ADECD9,2B081F0F-49D1-4AA3-B4B7-06395AA14DE0,A3799BB1-C2E1-4E07-95A0-08DC84A8A9D2,Switch 1,1,2025-09-12 18:11:36.6884660,2025-09-12 18:11:36.6884660
5EBAF19B-D7B1-4AFE-9F26-323966286C03,9D7377E0-82EC-49C1-A1BD-08DC4397766E,9D5E9B81-70CE-4DD6-90D0-006F7DA796FA,0440E616-A780-45C1-95A1-08DC84A8A9D2,Fase 1,1,2025-03-06 15:11:09.6799212,2025-03-06 15:11:09.6799212
D84C5F19-CCBA-4B27-BBCA-32DE8052FAB1,9D7377E0-82EC-49C1-A1BD-08DC4397766E,0AD248E3-9A82-44D6-A911-3FC724B1B676,0440E616-A780-45C1-95A1-08DC84A8A9D2,Fase 3,1,2025-03-24 22:35:20.8507629,2025-03-24 22:35:20.8507629
A013032F-99B4-496A-9487-345D5C9EE101,998830B7-90B8-4248-8908-08DDEFF3AB11,A724628A-8ABC-4AEA-9ECE-6F0C3DE1C2C8,B77A6FDA-F0C6-4C10-A6CB-08DDF2109451,Modo Ventilador,1,2025-09-12 17:07:22.4664628,2025-09-12 17:07:22.4664628
12415617-156B-4DC9-B118-349A8A5A99CF,A10313E6-4D60-4C90-26B5-08DC84ADECD9,AD93DD71-7AAA-4CE1-B72E-BEBDBC596EE4,A3799BB1-C2E1-4E07-95A0-08DC84A8A9D2,Switch 4,1,2025-04-11 15:11:14.1830649,2025-04-11 15:11:14.1830649
51105885-6C62-4C80-87DF-35687C08628D,9ABA7228-87EF-482A-A1BB-08DC4397766E,18748AAB-CA5C-4C44-A6D5-1969D1E8962C,D719BE13-A4CD-4F8F-9157-08DD49F97E9E,Puerta,0,2025-03-24 22:52:16.3066585,2025-08-13 19:03:50.0442483
3FE8F1D3-65A1-4C39-9B19-358574E091A5,9D7377E0-82EC-49C1-A1BD-08DC4397766E,61403F55-30BE-4257-9BC6-4872E73CDFC4,5F54E678-F237-477D-959E-08DC84A8A9D2,Resistencia deshielo,1,2025-03-14 21:59:50.3167584,2025-03-14 21:59:50.3167584
F25DDF5D-968A-412C-9C5A-35D3A6523248,8DCFFF66-4B0E-42A0-26B4-08DC84ADECD9,9F057CEF-130A-4465-AD7F-D7A59BD77C8F,0440E616-A780-45C1-95A1-08DC84A8A9D2,Cisterna Agua Interna,0,2025-03-25 17:51:41.3658204,2025-08-13 19:19:07.0605247
CC53EF06-36ED-4A86-990E-369C02CA8EB1,9D7377E0-82EC-49C1-A1BD-08DC4397766E,0541E963-70A8-447A-08EE-08DC4396417D,D4E53753-7F96-4124-26BD-08DC43962801,Fase 1 Bomba 2,0,2024-03-19 19:27:02.1133677,2025-08-07 17:48:50.9037878
DECBAB18-47D6-47F2-A8EC-37068ABB0034,9ABA7228-87EF-482A-A1BB-08DC4397766E,9FA10FFF-0234-4FD6-7AD9-08DC484D82CA,D4E53753-7F96-4124-26BD-08DC43962801,Estado puerta conservacion 1,0,2024-03-19 20:51:32.8422794,2025-08-07 17:00:19.7163508
014BB706-8D20-4CAC-959F-37AC9C6458B7,5485A1F6-3775-436F-A1B9-08DC4397766E,696FE373-EA4F-413F-A29E-BD43B6746F4A,5F54E678-F237-477D-959E-08DC84A8A9D2,Temperatura,1,2025-02-10 18:09:11.1068166,2025-08-12 18:53:36.5329828
22F8B472-4022-41A9-B7B7-37E83A532DF0,9D7377E0-82EC-49C1-A1BD-08DC4397766E,9E09B069-82DE-4FBE-8CF1-97BF8B6A8490,9A0C8972-B925-434A-959F-08DC84A8A9D2,Acometida principal F1 Derivación 2,0,2024-06-04 15:57:53.0481287,2025-08-07 17:05:37.5136783
F4D9448D-493F-420A-94D9-38D188B992BD,9D7377E0-82EC-49C1-A1BD-08DC4397766E,696FE373-EA4F-413F-A29E-BD43B6746F4A,0440E616-A780-45C1-95A1-08DC84A8A9D2,Fase 1,1,2025-02-10 18:25:32.7640052,2025-02-10 18:25:32.7640052
F8196A2F-90E9-402F-BF93-3972F42F2676,27CF176D-2BF1-4EDC-A1BE-08DC4397766E,CDFD0AEB-4BC5-40E5-86BC-1E224FA4EAD0,0440E616-A780-45C1-95A1-08DC84A8A9D2,Presión Agua Interna,0,2025-02-10 22:00:04.3775974,2025-08-12 19:24:12.0050904
3ADF2103-14E8-42A6-8598-398A7D5FFB85,9D7377E0-82EC-49C1-A1BD-08DC4397766E,8CD4F345-9E85-44F2-A712-5C220D9259A9,9A0C8972-B925-434A-959F-08DC84A8A9D2,Fase 3 - Derivación 2,0,2025-02-05 21:43:52.3666896,2025-08-12 20:36:53.6274363
A0CA151A-02E8-401F-B5FC-3BAE6C1A2C80,8DCFFF66-4B0E-42A0-26B4-08DC84ADECD9,CDFD0AEB-4BC5-40E5-86BC-1E224FA4EAD0,0440E616-A780-45C1-95A1-08DC84A8A9D2,Cisterna Agua Interna,0,2025-02-10 22:01:54.2775330,2025-08-12 19:24:18.4861796
87BF3807-3D2A-4AF1-9030-3BCBEA51D6A0,9D7377E0-82EC-49C1-A1BD-08DC4397766E,CF92A35A-0B92-4DFA-A9EA-8A54150DDACD,0440E616-A780-45C1-95A1-08DC84A8A9D2,Fase 1 Bomba 1,0,2025-02-07 20:20:29.4776495,2025-08-12 20:34:44.3846649
4C9B294D-2D33-4506-923B-3C0943CA8C5F,A10313E6-4D60-4C90-26B5-08DC84ADECD9,33988121-56DE-4302-8A3F-1E4E4EBEC1BA,A3799BB1-C2E1-4E07-95A0-08DC84A8A9D2,Switch 1,1,2025-09-12 18:17:42.1507544,2025-09-12 18:17:42.1507544
38B11199-E69F-4230-B57F-3C362D6D49DD,A10313E6-4D60-4C90-26B5-08DC84ADECD9,CA01B7F5-3949-49F8-9186-B94A3EA90910,A3799BB1-C2E1-4E07-95A0-08DC84A8A9D2,Switch 2,1,2025-08-19 15:19:59.9081441,2025-08-19 15:19:59.9081441
5EEDCB3A-B316-4CCE-9D19-3C36A3CF6658,8891A495-F50C-4ABB-8906-08DDEFF3AB11,7E8F020E-AFA7-48E0-82F6-BDCEC9F099A7,B77A6FDA-F0C6-4C10-A6CB-08DDF2109451,Modo,1,2025-09-12 17:13:07.1030959,2025-09-12 17:13:07.1030959
FBA5CA88-2A43-4DD0-BEBF-3DA4564C161B,9ABA7228-87EF-482A-A1BB-08DC4397766E,18EF5589-4361-4A4C-7ADB-08DC484D82CA,5F54E678-F237-477D-959E-08DC84A8A9D2,Estado puerta congelación 1,0,2024-06-04 15:28:38.3028623,2025-08-07 16:58:33.4206742
41A5BB9D-52BD-4194-B5D2-3DBE0F177C5A,279BB078-A028-45C7-A1BA-08DC4397766E,724834F5-B593-4E6C-9C7B-B3E017025318,74990137-5845-4ECF-9156-08DD49F97E9E,Humedad,0,2025-03-21 20:41:01.2417976,2025-08-13 19:16:50.4237588
3453DA27-AC58-485F-99F5-3E3A7A4CC3DC,9D7377E0-82EC-49C1-A1BD-08DC4397766E,3E4C183B-2BC4-4E1F-7AD5-08DC484D82CA,D4E53753-7F96-4124-26BD-08DC43962801,Fase 3,1,2024-03-19 20:31:17.8741537,2024-03-19 20:31:17.8741537
C58B8E59-5DB9-4384-BDC5-3EB183684BF5,A10313E6-4D60-4C90-26B5-08DC84ADECD9,E57DBE1C-5823-4D86-9B0D-EF120779886A,A3799BB1-C2E1-4E07-95A0-08DC84A8A9D2,Alumbrado muro 1 switch 1,1,2024-06-04 16:34:22.6395119,2024-06-04 16:34:22.6395119
A5959A22-3CD0-4A36-9FDB-421E66D9B6F5,9D7377E0-82EC-49C1-A1BD-08DC4397766E,9D5E9B81-70CE-4DD6-90D0-006F7DA796FA,0440E616-A780-45C1-95A1-08DC84A8A9D2,Resistencia deshielo,1,2025-03-06 15:09:07.9125458,2025-03-06 15:09:07.9125458
B2F37AEB-C577-44FD-A3AD-42FE230DE94B,9ABA7228-87EF-482A-A1BB-08DC4397766E,7C100358-4F00-4F3B-7ADE-08DC484D82CA,D4E53753-7F96-4124-26BD-08DC43962801,Estado puerta azotea 1,0,2024-03-19 21:09:21.5831180,2025-08-07 17:37:09.3268652
91C62972-4158-4D6C-AF28-44205CBC530D,9D7377E0-82EC-49C1-A1BD-08DC4397766E,93D92608-4B66-41B5-B00F-B5B82AC52F3A,0440E616-A780-45C1-95A1-08DC84A8A9D2,Fase 3 Derivación 1,0,2025-03-10 17:26:42.8222712,2025-08-12 19:57:13.4000968
53AC82C7-C547-4BB7-818B-46888CEEE616,8DCFFF66-4B0E-42A0-26B4-08DC84ADECD9,CDFD0AEB-4BC5-40E5-86BC-1E224FA4EAD0,0440E616-A780-45C1-95A1-08DC84A8A9D2,Cisterna Agua Externa,0,2025-02-10 22:03:24.5099834,2025-08-12 19:24:23.8439018
07DCBE41-732C-46D9-9FF2-476C91AE39CC,A10313E6-4D60-4C90-26B5-08DC84ADECD9,58740869-2027-4917-9A66-C20003422F7C,A3799BB1-C2E1-4E07-95A0-08DC84A8A9D2,Switch 2,1,2025-08-19 17:39:25.2436882,2025-08-19 17:39:25.2436882
2A37E45C-A3BF-48E7-B157-476CA73F55B1,8DCFFF66-4B0E-42A0-26B4-08DC84ADECD9,9F057CEF-130A-4465-AD7F-D7A59BD77C8F,0440E616-A780-45C1-95A1-08DC84A8A9D2,Cisterna Agua Externa,0,2025-03-25 17:49:20.8978210,2025-08-13 19:19:10.6602883
48FB3581-9480-4792-BCE1-48626D925548,9ABA7228-87EF-482A-A1BB-08DC4397766E,B3A1E542-766D-4DA3-952D-819C0B1C498D,5F54E678-F237-477D-959E-08DC84A8A9D2,Puerta,0,2025-02-12 15:58:53.8906086,2025-08-12 19:51:52.7007650
185853AF-1F49-4FAA-BCFC-4874A50D9297,9ABA7228-87EF-482A-A1BB-08DC4397766E,AD762D7A-6363-48CC-ACB1-F426EFE8AB01,5F54E678-F237-477D-959E-08DC84A8A9D2,Puerta servicio,0,2025-02-05 22:40:52.6113789,2025-08-18 18:41:36.8704168
489818CF-F6D9-4DEF-BD73-48B2181200CB,5485A1F6-3775-436F-A1B9-08DC4397766E,14D14673-1348-48D9-83C5-CB13B662FA37,5F54E678-F237-477D-959E-08DC84A8A9D2,Temperatura,1,2025-02-05 21:56:42.0087298,2025-08-18 18:28:28.9395619
4D1BE407-B5A1-42CB-A476-490E2D801743,9D7377E0-82EC-49C1-A1BD-08DC4397766E,61403F55-30BE-4257-9BC6-4872E73CDFC4,0440E616-A780-45C1-95A1-08DC84A8A9D2,Fase 1,1,2025-03-14 22:20:03.6500477,2025-03-14 22:20:03.6500477
48A5BF6F-60F3-459C-AA52-49D2795B4543,279BB078-A028-45C7-A1BA-08DC4397766E,9D5E9B81-70CE-4DD6-90D0-006F7DA796FA,5F54E678-F237-477D-959E-08DC84A8A9D2,Humedad,1,2025-03-06 15:05:49.9018634,2025-08-12 19:01:11.3316603
1891AB4D-2704-4F6D-BDDC-4A232F7185AC,5485A1F6-3775-436F-A1B9-08DC4397766E,E3849B31-369D-40B5-7AD4-08DC484D82CA,5F54E678-F237-477D-959E-08DC84A8A9D2,Temperatura congelación 1,1,2024-06-04 15:31:24.5494394,2025-08-12 16:01:53.4833226
365AF5B7-74F1-4363-A532-4B0121CD219B,9ABA7228-87EF-482A-A1BB-08DC4397766E,30F6D09A-C0F8-461A-B648-D169737809CD,D719BE13-A4CD-4F8F-9157-08DD49F97E9E,Puerta,0,2025-03-04 21:57:00.6629037,2025-08-12 19:33:21.1577881
C5B29865-8186-4A99-8269-4D908F45536A,9D7377E0-82EC-49C1-A1BD-08DC4397766E,AD762D7A-6363-48CC-ACB1-F426EFE8AB01,0440E616-A780-45C1-95A1-08DC84A8A9D2,Fase 2,1,2025-02-07 18:28:30.6284284,2025-02-07 18:28:30.6284284
FC16D944-774F-4278-8300-4E2B344C0189,9D7377E0-82EC-49C1-A1BD-08DC4397766E,9F057CEF-130A-4465-AD7F-D7A59BD77C8F,0440E616-A780-45C1-95A1-08DC84A8A9D2,Fase 1 Bomba 2,0,2025-03-24 22:45:49.7019662,2025-08-13 19:19:15.0089091
5227D828-B7DB-4435-9F3F-4F14DDAEF64D,9ABA7228-87EF-482A-A1BB-08DC4397766E,D27783B9-DBE2-4250-9DC7-F8C073A96EEF,5F54E678-F237-477D-959E-08DC84A8A9D2,Puerta,0,2025-02-10 21:23:48.4815626,2025-08-12 19:19:28.8721833
FCD32C37-D066-40A6-A49A-4F3C6E8F60CF,9D7377E0-82EC-49C1-A1BD-08DC4397766E,231BEA78-E25B-457B-08EC-08DC4396417D,D4E53753-7F96-4124-26BD-08DC43962801,Fase 3,1,2024-03-19 20:19:24.0862502,2024-03-19 20:19:24.0862502
BA2CB728-5479-48BE-913D-4F90D6B46BE1,9ABA7228-87EF-482A-A1BB-08DC4397766E,9B697DDD-E17F-4797-9562-A972E2989BD2,5F54E678-F237-477D-959E-08DC84A8A9D2,Puerta servicio,0,2025-02-12 16:56:37.3985882,2025-08-12 19:50:30.6831522
FF0EFF50-0AC6-48D7-A344-4FAA27B30182,A10313E6-4D60-4C90-26B5-08DC84ADECD9,16215150-DCAF-4440-BC8C-1101B69BDBAE,A3799BB1-C2E1-4E07-95A0-08DC84A8A9D2,Switch 3,0,2025-08-19 18:28:15.7828967,2025-08-28 19:12:35.4214558
AFF6E574-E8FB-482E-B052-4FC1283CE807,9D7377E0-82EC-49C1-A1BD-08DC4397766E,53838C72-6170-42B3-9747-36E93D523143,0440E616-A780-45C1-95A1-08DC84A8A9D2,Fase 1 Bomba 1,0,2025-03-21 16:32:30.9773276,2025-08-12 19:49:00.8308436
CE8D69C8-5B2D-4B9A-953D-50149AED7403,A10313E6-4D60-4C90-26B5-08DC84ADECD9,7FE56B12-DF8A-4D40-B895-825033871B59,A3799BB1-C2E1-4E07-95A0-08DC84A8A9D2,Switch 2,0,2025-09-12 18:16:03.3204258,2025-09-15 21:26:21.7191006
68CDA937-9A45-4217-B2BA-50837A3D9A30,9D7377E0-82EC-49C1-A1BD-08DC4397766E,55C1A24A-986E-49CC-85EF-3AEC76375CFC,0440E616-A780-45C1-95A1-08DC84A8A9D2,Fase 1 Derivación 2,0,2025-03-10 17:43:25.9240471,2025-08-12 19:14:46.4353915
84F91469-D6CB-447F-851A-52647849A17F,5485A1F6-3775-436F-A1B9-08DC4397766E,7EC58114-5C57-4D22-AC0B-8B218889DB09,74990137-5845-4ECF-9156-08DD49F97E9E,Temperatura,0,2025-03-04 21:49:14.0056163,2025-08-12 19:35:04.2596755
05101BFF-AB55-4271-B009-52A0C00378FF,9D7377E0-82EC-49C1-A1BD-08DC4397766E,6E6C561F-2AB9-492B-8A2F-BF64804D9D7B,0440E616-A780-45C1-95A1-08DC84A8A9D2,Fase 1,1,2025-03-14 22:28:35.6450868,2025-03-14 22:28:35.6450868
F6B0BF8F-E653-426F-AAFD-5335CBB98FB7,A10313E6-4D60-4C90-26B5-08DC84ADECD9,7B7ADD59-43C7-45C8-B485-F0D388EC3658,A3799BB1-C2E1-4E07-95A0-08DC84A8A9D2,Alumbrado exterior 1 switch 2,1,2024-06-04 16:45:09.6904535,2024-06-04 16:45:09.6904535
F9E4584E-7441-40EF-98CC-53822D73BC28,A10313E6-4D60-4C90-26B5-08DC84ADECD9,AD93DD71-7AAA-4CE1-B72E-BEBDBC596EE4,A3799BB1-C2E1-4E07-95A0-08DC84A8A9D2,Switch 3,1,2025-04-10 22:58:21.2413392,2025-04-10 22:58:21.2413392
9684DD45-9F9A-443D-836E-54A7130F410B,9D7377E0-82EC-49C1-A1BD-08DC4397766E,CDFD0AEB-4BC5-40E5-86BC-1E224FA4EAD0,0440E616-A780-45C1-95A1-08DC84A8A9D2,Fase 1 Bomba 1,0,2025-02-10 21:57:38.2790294,2025-08-12 19:24:27.8706734
0335E4C1-F15D-436B-AE34-553D543D7B22,8891A495-F50C-4ABB-8906-08DDEFF3AB11,A724628A-8ABC-4AEA-9ECE-6F0C3DE1C2C8,B77A6FDA-F0C6-4C10-A6CB-08DDF2109451,Modo,1,2025-09-12 17:05:44.6246662,2025-09-12 17:18:02.3598669
1E86880A-BA08-4AE4-9057-5893F0C82C23,9D7377E0-82EC-49C1-A1BD-08DC4397766E,93D92608-4B66-41B5-B00F-B5B82AC52F3A,0440E616-A780-45C1-95A1-08DC84A8A9D2,Fase 2 Derivación 2,0,2025-03-10 17:29:55.5353582,2025-08-12 19:57:17.5495983
389DAAC2-962C-4A11-A2F4-58D33262163E,279BB078-A028-45C7-A1BA-08DC4397766E,D27783B9-DBE2-4250-9DC7-F8C073A96EEF,5F54E678-F237-477D-959E-08DC84A8A9D2,Humedad,1,2025-02-10 21:18:16.1929079,2025-08-12 18:52:06.0195270
593C2473-4AA4-4A1F-B0BC-59D4CDB0DD46,9D7377E0-82EC-49C1-A1BD-08DC4397766E,ECC33A2E-0C26-48D4-9696-FD22ECD80785,0440E616-A780-45C1-95A1-08DC84A8A9D2,Fase 1 Derivación 2,0,2025-03-24 22:28:13.2792347,2025-08-13 19:12:17.9679675
05FA3E19-4F5A-4F58-8374-5A6B33E0329B,9D7377E0-82EC-49C1-A1BD-08DC4397766E,B1CF61F6-DBDC-420F-857C-185D01F6C445,0440E616-A780-45C1-95A1-08DC84A8A9D2,Fase 3 Derivación 1,0,2025-03-06 17:30:52.3991491,2025-08-12 19:55:39.1077458
635B3621-E7D1-46BC-88B6-5B3AF1BF7B40,9D7377E0-82EC-49C1-A1BD-08DC4397766E,18B1155F-DBEA-44AA-98FA-11E571E965F1,0440E616-A780-45C1-95A1-08DC84A8A9D2,Fase 1,1,2025-02-10 21:37:01.9849450,2025-02-10 21:37:01.9849450
4BD1FC56-3FC0-4BB2-9612-5BAD04FDDC38,5279F774-7E84-4F18-8905-08DDEFF3AB11,7E8F020E-AFA7-48E0-82F6-BDCEC9F099A7,B77A6FDA-F0C6-4C10-A6CB-08DDF2109451,Set,1,2025-09-12 17:09:11.8892504,2025-09-12 17:09:11.8892504
8D2A68BD-212F-450A-8B82-5C66BE2CD87A,279BB078-A028-45C7-A1BA-08DC4397766E,B3A1E542-766D-4DA3-952D-819C0B1C498D,5F54E678-F237-477D-959E-08DC84A8A9D2,Humedad,1,2025-02-11 21:35:55.9898860,2025-08-12 18:36:31.5597295
C6860E23-5057-4384-B340-5D3633AF1E45,9D7377E0-82EC-49C1-A1BD-08DC4397766E,14D14673-1348-48D9-83C5-CB13B662FA37,0440E616-A780-45C1-95A1-08DC84A8A9D2,Fase 1,1,2025-02-07 18:46:05.7655543,2025-02-07 18:46:05.7655543
F9854F93-B192-4969-A7B2-5D3CA97A9D39,5485A1F6-3775-436F-A1B9-08DC4397766E,65448709-0C2F-4151-9502-30CFE1C6EDBC,74990137-5845-4ECF-9156-08DD49F97E9E,Temperatura,0,2025-02-11 19:36:53.9239310,2025-08-12 20:01:04.3056902
8F127C0B-4CB6-4B0B-87B4-5D7DE8FBCDC1,A10313E6-4D60-4C90-26B5-08DC84ADECD9,7FE56B12-DF8A-4D40-B895-825033871B59,A3799BB1-C2E1-4E07-95A0-08DC84A8A9D2,Switch 1,0,2025-09-12 18:16:43.5029570,2025-09-15 21:26:26.2851948
2F3560BA-C880-4A76-996B-5D835EC74E97,9D7377E0-82EC-49C1-A1BD-08DC4397766E,D27783B9-DBE2-4250-9DC7-F8C073A96EEF,0440E616-A780-45C1-95A1-08DC84A8A9D2,Fase 1,1,2025-02-10 21:29:10.5503508,2025-02-10 21:29:10.5503508
062C86DC-8C4C-4A6A-903A-5D9A5C0F7685,279BB078-A028-45C7-A1BA-08DC4397766E,E3849B31-369D-40B5-7AD4-08DC484D82CA,5F54E678-F237-477D-959E-08DC84A8A9D2,Humedad congelación 1,1,2024-06-04 15:36:22.5416825,2025-08-12 16:02:38.8567987
47A1A897-CB77-4299-84E8-5DCA7801D349,27CF176D-2BF1-4EDC-A1BE-08DC4397766E,776A7695-9650-46A0-8651-B02946E0E18E,0440E616-A780-45C1-95A1-08DC84A8A9D2,Presión Agua Interna,0,2025-02-18 21:11:05.6531589,2025-08-27 15:29:10.6540834
AB644331-7C8C-40F2-BB54-5E533C0415C0,9D7377E0-82EC-49C1-A1BD-08DC4397766E,ECC33A2E-0C26-48D4-9696-FD22ECD80785,0440E616-A780-45C1-95A1-08DC84A8A9D2,Fase 3 Derivación 2,0,2025-03-24 22:29:52.4477883,2025-08-13 19:12:22.1872202
7014FFFA-571E-4274-A669-5E548A91840E,5485A1F6-3775-436F-A1B9-08DC4397766E,E8F71D0A-7628-4EBE-7AD3-08DC484D82CA,D4E53753-7F96-4124-26BD-08DC43962801,Temperatura conservacion,1,2024-03-19 20:10:28.8430135,2025-08-12 15:56:52.8322588
EB8A65F1-A585-4E93-8CA1-5EA49977F767,A10313E6-4D60-4C90-26B5-08DC84ADECD9,277282AD-425C-4EC3-ADA1-7F9EAE0844A3,A3799BB1-C2E1-4E07-95A0-08DC84A8A9D2,Switch 1,1,2025-09-15 21:31:49.8787148,2025-09-15 21:31:49.8787148
42D86407-9679-4224-86DD-5EC7B756D38D,9ABA7228-87EF-482A-A1BB-08DC4397766E,4014F3F4-317C-4094-7ADD-08DC484D82CA,D4E53753-7F96-4124-26BD-08DC43962801,Estado puerta salida de emergencia 1,0,2024-03-19 21:07:12.9304868,2025-08-07 17:33:55.5680632
2B780E77-DC0C-4164-BA4E-5F0C0526DEA4,998830B7-90B8-4248-8908-08DDEFF3AB11,7E8F020E-AFA7-48E0-82F6-BDCEC9F099A7,B77A6FDA-F0C6-4C10-A6CB-08DDF2109451,Estado (On/Off),1,2025-09-12 17:12:02.4695068,2025-09-12 17:12:02.4695068
DAC58D9B-17B8-4191-BC75-602CDCE96A71,9D7377E0-82EC-49C1-A1BD-08DC4397766E,B3A1E542-766D-4DA3-952D-819C0B1C498D,0440E616-A780-45C1-95A1-08DC84A8A9D2,Fase 3,1,2025-02-12 19:23:22.8038315,2025-02-12 19:23:22.8038315
F8F6C289-A050-4FAD-8354-60363790D76D,9D7377E0-82EC-49C1-A1BD-08DC4397766E,8A97714B-379B-41AB-988D-B1BE47199793,0440E616-A780-45C1-95A1-08DC84A8A9D2,Fase 2,1,2025-03-24 22:16:50.1112426,2025-03-24 22:16:50.1112426
267E3D44-9B7F-460C-B34B-603FE0FA9972,9D7377E0-82EC-49C1-A1BD-08DC4397766E,9E09B069-82DE-4FBE-8CF1-97BF8B6A8490,9A0C8972-B925-434A-959F-08DC84A8A9D2,Acometida principal F3 Derivación 2,0,2024-06-04 16:00:05.7506119,2025-08-07 17:05:41.8833913
6A989248-36EF-499C-86FD-60CEC86CFE02,A10313E6-4D60-4C90-26B5-08DC84ADECD9,68CDDBC6-298E-4DDE-88CB-6C03AD5D24D1,A3799BB1-C2E1-4E07-95A0-08DC84A8A9D2,Switch 1,1,2025-08-19 17:43:05.2711773,2025-08-19 17:43:05.2711773
628A22C8-02E0-4945-9667-60ED37216E5C,A10313E6-4D60-4C90-26B5-08DC84ADECD9,189C7639-C385-44C1-B47C-65929B1B0B6A,A3799BB1-C2E1-4E07-95A0-08DC84A8A9D2,Switch 1,1,2025-09-15 21:29:49.3881284,2025-09-15 21:29:49.3881284
AFAC7EA3-40FF-4177-A2CA-60F1742896F6,9D7377E0-82EC-49C1-A1BD-08DC4397766E,55C1A24A-986E-49CC-85EF-3AEC76375CFC,0440E616-A780-45C1-95A1-08DC84A8A9D2,Fase 2 Derivación 1,0,2025-03-10 17:41:28.8585668,2025-08-12 19:14:51.0282859
78885BAF-8172-4AEA-8875-610810A132FB,9D7377E0-82EC-49C1-A1BD-08DC4397766E,8DB1C508-58F3-481E-96A7-96CFB248FD06,0440E616-A780-45C1-95A1-08DC84A8A9D2,Fase 2,1,2025-02-12 19:08:31.4197232,2025-02-12 19:08:31.4197232
FAACC363-98AD-490D-A3CE-613C1F3E3CC2,998830B7-90B8-4248-8908-08DDEFF3AB11,A724628A-8ABC-4AEA-9ECE-6F0C3DE1C2C8,B77A6FDA-F0C6-4C10-A6CB-08DDF2109451,Estado (On/Off),1,2025-09-12 17:04:43.9964066,2025-09-12 17:04:43.9964066
1620956C-77D6-469E-82F8-6272FD987503,5485A1F6-3775-436F-A1B9-08DC4397766E,8CE6B083-70F6-4C65-7AD7-08DC484D82CA,D4E53753-7F96-4124-26BD-08DC43962801,Temperatura comedor 1,0,2024-03-19 20:34:38.7331382,2025-08-07 16:39:04.7043965
BE2DD365-7576-4599-9757-63A0F9F4D485,9D7377E0-82EC-49C1-A1BD-08DC4397766E,AD762D7A-6363-48CC-ACB1-F426EFE8AB01,0440E616-A780-45C1-95A1-08DC84A8A9D2,Resistencia deshielo,1,2025-02-07 17:51:50.5372535,2025-02-07 17:51:50.5372535
B207ABF8-52C2-4077-AA20-640E181C078E,279BB078-A028-45C7-A1BA-08DC4397766E,65448709-0C2F-4151-9502-30CFE1C6EDBC,74990137-5845-4ECF-9156-08DD49F97E9E,Humedad,0,2025-02-11 19:33:55.9984548,2025-08-12 20:01:08.9701994
A5103F3F-543F-4C5B-B181-66816A1AA6AD,9D7377E0-82EC-49C1-A1BD-08DC4397766E,F2FFE4A3-CE7B-47FB-9A47-C3189FFC58AA,0440E616-A780-45C1-95A1-08DC84A8A9D2,Fase 2,1,2025-03-06 16:16:12.4074499,2025-03-06 16:16:12.4074499
2508285A-AFD3-456A-B498-66C7C218F152,279BB078-A028-45C7-A1BA-08DC4397766E,AD762D7A-6363-48CC-ACB1-F426EFE8AB01,5F54E678-F237-477D-959E-08DC84A8A9D2,Humedad,1,2025-02-05 22:42:36.4944835,2025-08-18 18:39:57.2180613
73211341-7D20-4702-9D52-66D9813E5BBD,9D7377E0-82EC-49C1-A1BD-08DC4397766E,B96B2528-80B5-48AA-9980-63E2A3B80180,0440E616-A780-45C1-95A1-08DC84A8A9D2,Fase 2,1,2025-02-18 21:40:47.3237804,2025-02-18 21:40:47.3237804
815512CF-0A4E-4235-AC24-686386B9B727,9ABA7228-87EF-482A-A1BB-08DC4397766E,18EF5589-4361-4A4C-7ADB-08DC484D82CA,D4E53753-7F96-4124-26BD-08DC43962801,Estado puerta congelacion 1,0,2024-03-19 21:01:36.3509682,2024-06-04 17:06:59.9066667
03912779-A9DF-4465-8092-686962E2EBAF,9D7377E0-82EC-49C1-A1BD-08DC4397766E,ECC33A2E-0C26-48D4-9696-FD22ECD80785,0440E616-A780-45C1-95A1-08DC84A8A9D2,Fase 1 Derivación 1,0,2025-03-24 22:24:42.4742896,2025-08-13 19:12:27.7580699
5D677D3F-9295-430F-A3A3-6A529F07174A,5485A1F6-3775-436F-A1B9-08DC4397766E,1754BCEC-13F0-4DF9-A8B0-2BB1B503631D,74990137-5845-4ECF-9156-08DD49F97E9E,Temperatura,0,2025-02-10 18:32:03.9196056,2025-08-12 19:11:05.2474607
DAF0FFBF-3571-4F63-BDE7-6BBA6C84B0FB,5485A1F6-3775-436F-A1B9-08DC4397766E,A724628A-8ABC-4AEA-9ECE-6F0C3DE1C2C8,B77A6FDA-F0C6-4C10-A6CB-08DDF2109451,Temperatura Actual,1,2025-09-12 17:00:45.5976997,2025-09-12 17:00:45.5976997
1E32D6AC-8740-4F45-BF58-6BCE274FB637,9ABA7228-87EF-482A-A1BB-08DC4397766E,7252090D-5988-4191-7ADC-08DC484D82CA,D4E53753-7F96-4124-26BD-08DC43962801,Puerta,0,2024-03-19 21:04:22.8293796,2025-08-07 17:38:29.6328418
43412CF7-8794-43EF-970C-6BD42BC8361A,9D7377E0-82EC-49C1-A1BD-08DC4397766E,696FE373-EA4F-413F-A29E-BD43B6746F4A,0440E616-A780-45C1-95A1-08DC84A8A9D2,Fase 2,1,2025-02-10 18:26:44.7438711,2025-02-10 18:26:44.7438711
2C3447BD-912B-4243-B092-6C75F8D5B010,9D7377E0-82EC-49C1-A1BD-08DC4397766E,0AD248E3-9A82-44D6-A911-3FC724B1B676,0440E616-A780-45C1-95A1-08DC84A8A9D2,Fase 2,1,2025-03-24 22:34:36.2807858,2025-03-24 22:34:36.2807858
A03430E9-B8DF-4A11-8C45-6D0C1C19EC0E,9D7377E0-82EC-49C1-A1BD-08DC4397766E,B96B2528-80B5-48AA-9980-63E2A3B80180,0440E616-A780-45C1-95A1-08DC84A8A9D2,Fase 3,1,2025-02-18 21:43:48.7831674,2025-02-18 21:43:48.7831674
8AB66ECC-889F-4870-B96D-6FC8172C116C,A10313E6-4D60-4C90-26B5-08DC84ADECD9,7931CB8C-16A5-4CA1-BF64-57255ED84A38,A3799BB1-C2E1-4E07-95A0-08DC84A8A9D2,Switch 3,0,2025-08-19 18:22:24.7058839,2025-08-28 19:11:26.5209499
E29035B8-B49F-4E19-AF6B-70FD76643166,279BB078-A028-45C7-A1BA-08DC4397766E,7433F83E-62EC-47A2-AE5A-451C0F7BECB1,74990137-5845-4ECF-9156-08DD49F97E9E,Humedad,0,2025-03-21 20:47:13.0719468,2025-08-12 21:03:09.8280883
93FCC895-86A6-48AF-A5BA-742C43A3D70E,279BB078-A028-45C7-A1BA-08DC4397766E,6E6C561F-2AB9-492B-8A2F-BF64804D9D7B,5F54E678-F237-477D-959E-08DC84A8A9D2,Humedad,1,2025-03-14 22:35:00.1651647,2025-08-13 18:04:35.8872792
329D0889-4B52-4B69-82A1-745A80B5ACA9,9ABA7228-87EF-482A-A1BB-08DC4397766E,F5DEBCD0-090B-439A-BE96-F13AA7006404,D719BE13-A4CD-4F8F-9157-08DD49F97E9E,Estado de caja fuerte,0,2025-03-21 21:08:27.9196869,2025-08-13 19:06:35.1190167
05C4863A-D596-49E7-92A7-74B5F033B6E1,9ABA7228-87EF-482A-A1BB-08DC4397766E,AB451C41-7DAD-4310-9CA6-74F8808F44B1,D719BE13-A4CD-4F8F-9157-08DD49F97E9E,Puerta,0,2025-03-21 20:55:01.4545514,2025-08-13 19:10:55.9375204
78B3187C-5786-4FCC-9D72-75AF6591BE53,5485A1F6-3775-436F-A1B9-08DC4397766E,E3849B31-369D-40B5-7AD4-08DC484D82CA,D4E53753-7F96-4124-26BD-08DC43962801,Temperatura congelacion 1,0,2024-03-19 20:23:06.7041014,2024-06-04 17:11:20.0433333
2DDE7987-C93D-416A-A384-75EE9D268481,A10313E6-4D60-4C90-26B5-08DC84ADECD9,ED5B45ED-142D-4B09-B7A7-0349360AEA32,A3799BB1-C2E1-4E07-95A0-08DC84A8A9D2,Switch 3,1,2025-08-19 19:05:52.6993360,2025-08-19 19:05:52.6993360
8A6B0623-B3C8-4DEF-BE0F-767DFB7B3AE6,9D7377E0-82EC-49C1-A1BD-08DC4397766E,8CD4F345-9E85-44F2-A712-5C220D9259A9,9A0C8972-B925-434A-959F-08DC84A8A9D2,Fase 2 - Derivación 1,0,2025-02-05 21:40:03.2168124,2025-08-12 20:36:57.5656260
2689FD7E-9993-4B36-B48C-76F54B00E20D,A10313E6-4D60-4C90-26B5-08DC84ADECD9,CA01B7F5-3949-49F8-9186-B94A3EA90910,A3799BB1-C2E1-4E07-95A0-08DC84A8A9D2,Switch 3,1,2025-08-19 15:20:46.0420769,2025-08-19 15:20:46.0420769
B0EDDC40-63E1-4750-B3B2-777CD31E9E81,A10313E6-4D60-4C90-26B5-08DC84ADECD9,490C7206-8705-444F-ADCD-1E7591222F29,A3799BB1-C2E1-4E07-95A0-08DC84A8A9D2,Switch 3,1,2025-04-10 22:01:39.4023540,2025-04-10 22:01:39.4023540
E275933D-6F31-420E-8ACD-77A79EC56262,279BB078-A028-45C7-A1BA-08DC4397766E,E8F71D0A-7628-4EBE-7AD3-08DC484D82CA,D4E53753-7F96-4124-26BD-08DC43962801,Conservacion humedad,1,2024-03-19 20:11:43.3121966,2025-08-12 15:57:44.7258906
51A69749-0760-4D30-AF0D-78666BDE3945,9D7377E0-82EC-49C1-A1BD-08DC4397766E,AD762D7A-6363-48CC-ACB1-F426EFE8AB01,0440E616-A780-45C1-95A1-08DC84A8A9D2,Fase 3,1,2025-02-07 18:29:02.4176146,2025-02-07 18:29:02.4176146
B0C846EA-EB43-4867-89D8-787421737A07,9D7377E0-82EC-49C1-A1BD-08DC4397766E,42D07B06-A180-4ED7-B3C0-FB91C4A7EFFC,9A0C8972-B925-434A-959F-08DC84A8A9D2,Fase 2,1,2025-02-07 17:22:57.2647177,2025-02-07 17:22:57.2647177
BAA284A7-6777-4389-8CD4-78C23E7E6BB9,279BB078-A028-45C7-A1BA-08DC4397766E,8CE6B083-70F6-4C65-7AD7-08DC484D82CA,D4E53753-7F96-4124-26BD-08DC43962801,Humedad comedor 1,0,2024-03-19 20:35:24.7947281,2025-08-07 16:39:10.2682073
1D7E8422-1EBF-43F3-BF4D-79C627ABE07D,9ABA7228-87EF-482A-A1BB-08DC4397766E,EF7FBD24-3635-4FDC-9C96-2F892D52AF6E,5F54E678-F237-477D-959E-08DC84A8A9D2,Estado de Caja Fuerte,0,2025-03-06 17:49:22.9128281,2025-08-12 19:51:08.4494096
DC862405-74F9-4C47-B26F-7A73B0825EA9,A10313E6-4D60-4C90-26B5-08DC84ADECD9,C0B0E855-A11A-49EE-9C0F-94F09AF4B16F,A3799BB1-C2E1-4E07-95A0-08DC84A8A9D2,Road sign 1 switch 1,1,2024-06-04 16:29:20.1219661,2024-06-04 16:29:20.1219661
5E78E7EB-10C6-4DBE-8E25-7A935B9B2F28,9D7377E0-82EC-49C1-A1BD-08DC4397766E,0AD248E3-9A82-44D6-A911-3FC724B1B676,0440E616-A780-45C1-95A1-08DC84A8A9D2,Fase 1,1,2025-03-24 22:33:27.6896834,2025-03-24 22:33:27.6896834
5823A0BA-8CA1-4D4E-A62C-7ABB114F190F,279BB078-A028-45C7-A1BA-08DC4397766E,3FBEEC58-226A-4F04-960E-7E9979C79D12,5F54E678-F237-477D-959E-08DC84A8A9D2,Humedad,0,2025-02-05 21:00:14.6892656,2025-08-18 18:47:54.1762796
236E3296-F0FE-4EFA-8C5D-7AD5AC3110E1,A10313E6-4D60-4C90-26B5-08DC84ADECD9,16215150-DCAF-4440-BC8C-1101B69BDBAE,A3799BB1-C2E1-4E07-95A0-08DC84A8A9D2,Switch 1,1,2025-08-19 18:24:39.9340414,2025-08-28 19:12:22.5774862
7C2C560B-A76C-4F74-80E0-7BA0892D8938,A10313E6-4D60-4C90-26B5-08DC84ADECD9,241B8C0B-B36A-46B7-B76C-3305E7F0EDCC,A3799BB1-C2E1-4E07-95A0-08DC84A8A9D2,Switch 1,1,2025-08-19 18:29:07.4057213,2025-08-19 18:29:07.4057213
4357B174-19AE-4703-A900-7C6253240204,279BB078-A028-45C7-A1BA-08DC4397766E,E79787D1-7A8E-4806-AC1B-2EA0BD86A8A1,5F54E678-F237-477D-959E-08DC84A8A9D2,Humedad,0,2025-02-10 19:23:01.9737229,2025-08-12 19:12:54.5855757
5CE12BA5-52BA-4E7C-AD45-7CFABDA36193,A10313E6-4D60-4C90-26B5-08DC84ADECD9,AD93DD71-7AAA-4CE1-B72E-BEBDBC596EE4,A3799BB1-C2E1-4E07-95A0-08DC84A8A9D2,Switch 1,1,2025-04-10 22:55:40.6710159,2025-04-10 22:55:40.6710159
3E89A495-9840-43E4-A011-7ED0FDEBE17D,5485A1F6-3775-436F-A1B9-08DC4397766E,3FBEEC58-226A-4F04-960E-7E9979C79D12,5F54E678-F237-477D-959E-08DC84A8A9D2,Temperatura,0,2025-02-05 21:01:53.7230148,2025-08-18 18:47:59.8574775
F2844EA1-632E-48C1-AEC3-8070483FDC65,5485A1F6-3775-436F-A1B9-08DC4397766E,32E2C47E-D9A7-4B90-85BF-A049537A3B85,74990137-5845-4ECF-9156-08DD49F97E9E,Temperatura,1,2025-09-12 15:53:48.7070963,2025-09-12 15:53:48.7070963
503AEF7A-7C49-48F0-9E26-813692C022B4,9D7377E0-82EC-49C1-A1BD-08DC4397766E,F2FFE4A3-CE7B-47FB-9A47-C3189FFC58AA,0440E616-A780-45C1-95A1-08DC84A8A9D2,Fase 1,1,2025-03-06 16:14:48.8322815,2025-03-06 16:14:48.8322815
1BEDA6A9-0A46-4BBB-A9F6-817464EFCACE,9D7377E0-82EC-49C1-A1BD-08DC4397766E,E8E356AD-5360-4F4E-B7B8-A23621B66905,683A07C0-2667-4561-A6CC-08DDF2109451,Fase 1,1,2025-09-12 16:30:07.5411981,2025-09-12 16:30:07.5411981
ECF389F0-4320-4CDF-A15A-81ADA396020C,9ABA7228-87EF-482A-A1BB-08DC4397766E,47AC5E7A-1DEA-4E26-BB0A-DCC36D48B188,D719BE13-A4CD-4F8F-9157-08DD49F97E9E,Puerta,0,2025-03-26 23:00:04.5397347,2025-08-12 19:34:02.8800612
29E9E96F-6965-49C5-9E56-820DAC1A77F5,A10313E6-4D60-4C90-26B5-08DC84ADECD9,241B8C0B-B36A-46B7-B76C-3305E7F0EDCC,A3799BB1-C2E1-4E07-95A0-08DC84A8A9D2,Switch 2,1,2025-08-28 19:16:03.9424202,2025-08-28 19:16:03.9424202
8D97D6D4-55ED-4D5D-BBDC-82A56C02779A,9ABA7228-87EF-482A-A1BB-08DC4397766E,A1798EA1-580D-4CCD-8EEA-B5FBA92BBD5C,5F54E678-F237-477D-959E-08DC84A8A9D2,Estado de caja fuerte,0,2025-02-05 20:52:02.4796772,2025-08-12 20:25:33.4609370
29C8643F-AE8A-44BA-B70F-82F80DC81F38,27CF176D-2BF1-4EDC-A1BE-08DC4397766E,42D07B06-A180-4ED7-B3C0-FB91C4A7EFFC,9A0C8972-B925-434A-959F-08DC84A8A9D2,Presión agua carbonatada,1,2025-02-07 17:24:43.5074282,2025-02-07 17:24:43.5074282
B7027683-3D94-4C9C-96D8-85A43978CFC2,A10313E6-4D60-4C90-26B5-08DC84ADECD9,490C7206-8705-444F-ADCD-1E7591222F29,A3799BB1-C2E1-4E07-95A0-08DC84A8A9D2,Switch 1,1,2025-04-10 21:58:44.6721736,2025-04-10 21:58:44.6721736
A12693D1-DA97-4609-AD8A-86730A4AFB17,279BB078-A028-45C7-A1BA-08DC4397766E,30FD6B3C-3187-447B-A5DF-5DAAE8B96BF4,5F54E678-F237-477D-959E-08DC84A8A9D2,Humedad,1,2025-03-06 15:33:00.0383048,2025-08-12 19:02:07.3840886
A2445C93-48E3-41E8-BC36-86EC90B1E739,9D7377E0-82EC-49C1-A1BD-08DC4397766E,4702B287-6C01-4096-B781-9AE410A506CA,D4E53753-7F96-4124-26BD-08DC43962801,Fase 2,1,2025-02-05 20:46:53.0876925,2025-02-05 20:46:53.0876925
8146E21C-28E7-424D-8093-870B11C1F809,9ABA7228-87EF-482A-A1BB-08DC4397766E,2BEC929F-1C1B-4720-BAF4-C20552AC8230,D719BE13-A4CD-4F8F-9157-08DD49F97E9E,Puerta,0,2025-03-21 21:25:40.8700965,2025-08-13 19:08:58.4080255
1C852C0E-CBEA-47D4-985E-8AD2997F6F24,9ABA7228-87EF-482A-A1BB-08DC4397766E,1A07717B-2F9C-4F5A-B759-FA9976CADE96,D719BE13-A4CD-4F8F-9157-08DD49F97E9E,Estado puerta de emergencia,0,2025-02-11 20:36:40.1633348,2025-08-12 19:55:42.0784443
46CFD862-4473-4479-B0C7-8ADCE073EF07,5279F774-7E84-4F18-8905-08DDEFF3AB11,A724628A-8ABC-4AEA-9ECE-6F0C3DE1C2C8,B77A6FDA-F0C6-4C10-A6CB-08DDF2109451,Set,1,2025-09-12 16:59:07.9429349,2025-09-12 16:59:07.9429349
5C31139D-02DA-4D2A-99D5-8B804B3B5C4C,A10313E6-4D60-4C90-26B5-08DC84ADECD9,E332D70D-364F-4A33-B723-EAF48C65FCAE,A3799BB1-C2E1-4E07-95A0-08DC84A8A9D2,Switch 1,1,2025-08-19 15:13:21.4312411,2025-08-19 15:13:21.4312411
8139D3C7-5A4C-40D3-B3A6-8DB4DA769001,9D7377E0-82EC-49C1-A1BD-08DC4397766E,9E09B069-82DE-4FBE-8CF1-97BF8B6A8490,9A0C8972-B925-434A-959F-08DC84A8A9D2,Acometida principal F2 Derivación 1,0,2024-06-04 15:52:30.4125067,2025-08-07 17:05:46.0012032
A21F595F-91B9-4732-928A-8E49C6BE9CCC,9ABA7228-87EF-482A-A1BB-08DC4397766E,D468FE0D-35A1-479F-B251-8BF932A7B182,D719BE13-A4CD-4F8F-9157-08DD49F97E9E,Puerta,0,2025-02-11 21:11:49.8033747,2025-08-12 19:54:45.6320038
FD0F4E2B-7409-4209-9DB6-8F4D63251B36,9D7377E0-82EC-49C1-A1BD-08DC4397766E,AD762D7A-6363-48CC-ACB1-F426EFE8AB01,0440E616-A780-45C1-95A1-08DC84A8A9D2,Fase 1,1,2025-02-07 18:27:21.9178801,2025-02-07 18:27:21.9178801
3E2E9C1E-AF45-4E01-8FBB-8F53FC251639,9D7377E0-82EC-49C1-A1BD-08DC4397766E,9B697DDD-E17F-4797-9562-A972E2989BD2,0440E616-A780-45C1-95A1-08DC84A8A9D2,Fase 3,1,2025-02-12 19:51:14.7158846,2025-02-12 19:51:14.7158846
F67FBA8A-57FA-4104-878C-8FD954B6FCD7,A10313E6-4D60-4C90-26B5-08DC84ADECD9,CA01B7F5-3949-49F8-9186-B94A3EA90910,A3799BB1-C2E1-4E07-95A0-08DC84A8A9D2,Switch 1,1,2025-08-19 15:19:07.8671526,2025-08-19 15:19:07.8671526
25057233-49F7-474F-B924-909AA8BA4A04,279BB078-A028-45C7-A1BA-08DC4397766E,6D978128-9663-4924-7AD8-08DC484D82CA,D4E53753-7F96-4124-26BD-08DC43962801,Humedad playland 1,0,2024-03-19 20:38:43.1420026,2025-08-07 16:52:08.3935945
5975E1F9-C83D-4397-B6F3-90EB26F614DE,A10313E6-4D60-4C90-26B5-08DC84ADECD9,65E0B36C-D73A-43E7-9F8D-1746AE2D3B5C,A3799BB1-C2E1-4E07-95A0-08DC84A8A9D2,Switch 1,1,2025-08-19 19:06:45.3828588,2025-08-19 19:06:45.3828588
F9DFE574-409A-4577-85A9-9190FDAEF52A,9D7377E0-82EC-49C1-A1BD-08DC4397766E,9D5E9B81-70CE-4DD6-90D0-006F7DA796FA,0440E616-A780-45C1-95A1-08DC84A8A9D2,Fase 2,1,2025-03-06 15:12:16.7240573,2025-03-06 15:12:16.7240573
66DDA9DE-2F7E-4A1E-A626-91EC080D3F88,A10313E6-4D60-4C90-26B5-08DC84ADECD9,ED5B45ED-142D-4B09-B7A7-0349360AEA32,A3799BB1-C2E1-4E07-95A0-08DC84A8A9D2,Switch 2,1,2025-08-19 18:59:05.7469325,2025-08-19 18:59:05.7469325
7FE273F4-90CA-44FE-BE54-927F4773708A,9D7377E0-82EC-49C1-A1BD-08DC4397766E,18B1155F-DBEA-44AA-98FA-11E571E965F1,0440E616-A780-45C1-95A1-08DC84A8A9D2,Fase 3,1,2025-02-10 21:38:59.7521366,2025-02-10 21:38:59.7521366
F8CF52D5-E768-467B-B2F0-933FDF679CAE,9D7377E0-82EC-49C1-A1BD-08DC4397766E,32E2C47E-D9A7-4B90-85BF-A049537A3B85,683A07C0-2667-4561-A6CC-08DDF2109451,Fase 3,1,2025-09-12 16:28:18.8100058,2025-09-12 16:28:18.8100058
FC2E60E5-274C-4515-8AC9-93B23D872FF7,9D7377E0-82EC-49C1-A1BD-08DC4397766E,FC89CD66-1839-4D5F-7A89-08DC484B8C1B,D4E53753-7F96-4124-26BD-08DC43962801,Bomba Rebombeo,0,2024-03-19 19:44:56.3695998,2025-08-07 17:49:54.6152940
96FB3BCA-2216-4772-B780-9402682A651B,9D7377E0-82EC-49C1-A1BD-08DC4397766E,9F057CEF-130A-4465-AD7F-D7A59BD77C8F,0440E616-A780-45C1-95A1-08DC84A8A9D2,Bomba Rebombeo,0,2025-03-24 22:42:31.5267951,2025-08-13 19:19:19.1428578
E19CD6A7-8DC1-49B3-ADCC-94E6346C7102,9D7377E0-82EC-49C1-A1BD-08DC4397766E,0DBB34B5-7F5C-4EAD-9E2F-7351B2AFA161,0440E616-A780-45C1-95A1-08DC84A8A9D2,Fase 1,1,2025-03-07 16:17:59.0194552,2025-03-07 16:17:59.0194552
800CBCC2-AE97-4284-B107-9735C299E005,9D7377E0-82EC-49C1-A1BD-08DC4397766E,55C1A24A-986E-49CC-85EF-3AEC76375CFC,0440E616-A780-45C1-95A1-08DC84A8A9D2,Fase 3 Derivación 1,0,2025-03-10 17:42:26.6722083,2025-08-12 19:14:55.9494748
0A4F26F3-854C-447A-991C-98CC0FA6DE95,9D7377E0-82EC-49C1-A1BD-08DC4397766E,4702B287-6C01-4096-B781-9AE410A506CA,D4E53753-7F96-4124-26BD-08DC43962801,Fase 3,1,2025-02-05 20:48:01.4978773,2025-02-05 20:48:01.4978773
7CFA262B-CE85-4951-AFD8-9EE78B9800A0,9D7377E0-82EC-49C1-A1BD-08DC4397766E,B1CF61F6-DBDC-420F-857C-185D01F6C445,0440E616-A780-45C1-95A1-08DC84A8A9D2,Fase 1 Derivación 1,0,2025-03-06 17:26:09.1464282,2025-08-12 19:55:44.2157798
8C2E1DC9-E034-40EA-996E-9EFABA4EC9A8,9D7377E0-82EC-49C1-A1BD-08DC4397766E,B1CF61F6-DBDC-420F-857C-185D01F6C445,0440E616-A780-45C1-95A1-08DC84A8A9D2,Fase 2 Derivación 1,0,2025-03-06 17:29:29.8750728,2025-08-12 19:55:49.2463408
8D8E4F9F-18DC-499A-999F-9F67FE89F0AD,9D7377E0-82EC-49C1-A1BD-08DC4397766E,ECC33A2E-0C26-48D4-9696-FD22ECD80785,0440E616-A780-45C1-95A1-08DC84A8A9D2,Fase 2 Derivación 1,0,2025-03-24 22:25:57.0148341,2025-08-13 19:12:33.0426506
85664E3E-9B42-45E0-BA72-9FCCC6358FDB,9D7377E0-82EC-49C1-A1BD-08DC4397766E,0DBB34B5-7F5C-4EAD-9E2F-7351B2AFA161,0440E616-A780-45C1-95A1-08DC84A8A9D2,Fase 2,1,2025-03-07 16:26:44.9550842,2025-03-07 16:26:44.9550842
535988D9-5701-4884-9157-A065B3AB552A,27CF176D-2BF1-4EDC-A1BE-08DC4397766E,0DBB34B5-7F5C-4EAD-9E2F-7351B2AFA161,0440E616-A780-45C1-95A1-08DC84A8A9D2,Presión agua carbonatada,1,2025-03-07 16:35:42.2378627,2025-03-07 16:35:42.2378627
0DB793D3-03F9-4F57-9FF0-A09EA5A4D23A,A10313E6-4D60-4C90-26B5-08DC84ADECD9,C0B0E855-A11A-49EE-9C0F-94F09AF4B16F,A3799BB1-C2E1-4E07-95A0-08DC84A8A9D2,Road sign 1 switch 3,1,2024-06-04 16:32:35.5919628,2024-06-04 16:32:35.5919628
51FFF33A-FA81-4CC9-A9E4-A0BE8835B454,279BB078-A028-45C7-A1BA-08DC4397766E,696FE373-EA4F-413F-A29E-BD43B6746F4A,5F54E678-F237-477D-959E-08DC84A8A9D2,Humedad,1,2025-02-10 18:07:18.8355903,2025-08-12 18:53:47.6512995
60A79C2A-3C9E-4CAD-98F7-A0D100192BD2,9D7377E0-82EC-49C1-A1BD-08DC4397766E,79A1B7F2-BC1A-4BAC-80C0-F37738E430E0,683A07C0-2667-4561-A6CC-08DDF2109451,Fase 1,1,2025-09-12 16:32:48.3754765,2025-09-15 21:07:59.2353368
EDAE9005-54E0-4441-BF58-A199B66E0CDC,5485A1F6-3775-436F-A1B9-08DC4397766E,30FD6B3C-3187-447B-A5DF-5DAAE8B96BF4,5F54E678-F237-477D-959E-08DC84A8A9D2,Temperatura,1,2025-03-06 15:30:05.0759747,2025-08-12 19:02:19.9693905
1D05369D-C515-4046-824A-A22456FF03B0,A10313E6-4D60-4C90-26B5-08DC84ADECD9,E332D70D-364F-4A33-B723-EAF48C65FCAE,A3799BB1-C2E1-4E07-95A0-08DC84A8A9D2,Switch 2,1,2025-08-19 15:15:10.5271730,2025-08-19 15:15:10.5271730
A4904D71-11F6-4139-91DA-A2BA67E3FDC9,A10313E6-4D60-4C90-26B5-08DC84ADECD9,7931CB8C-16A5-4CA1-BF64-57255ED84A38,A3799BB1-C2E1-4E07-95A0-08DC84A8A9D2,Switch 1,1,2025-08-19 18:18:43.5383203,2025-08-19 18:18:43.5383203
21C6E6AE-8467-4F94-93A6-A34DCF328443,A10313E6-4D60-4C90-26B5-08DC84ADECD9,FAAF57D0-DCD3-4E8A-8C9A-57914F0F29CC,A3799BB1-C2E1-4E07-95A0-08DC84A8A9D2,Switch 3,1,2025-08-19 18:53:48.8160310,2025-08-19 18:53:48.8160310
35D8222A-F4B4-4ECD-ADA7-A47EDDAE2908,9D7377E0-82EC-49C1-A1BD-08DC4397766E,696FE373-EA4F-413F-A29E-BD43B6746F4A,0440E616-A780-45C1-95A1-08DC84A8A9D2,Resistencia deshielo,1,2025-02-10 18:22:17.3838089,2025-02-10 18:22:17.3838089
C7847598-1DB4-48BD-8503-A544998A3391,9D7377E0-82EC-49C1-A1BD-08DC4397766E,CA1844D2-CCB3-422E-A011-E7440F78EA7A,0440E616-A780-45C1-95A1-08DC84A8A9D2,Fase 3,1,2025-02-11 21:25:32.4925981,2025-02-11 21:25:32.4925981
6CE9FD4D-8110-4197-A8CB-A55B68A72CE4,5485A1F6-3775-436F-A1B9-08DC4397766E,6E6C561F-2AB9-492B-8A2F-BF64804D9D7B,5F54E678-F237-477D-959E-08DC84A8A9D2,Temperatura,1,2025-03-14 22:34:08.4536262,2025-08-13 18:04:43.1124965
9EFB11CA-297B-4F76-A75A-A713A2DA91B5,9ABA7228-87EF-482A-A1BB-08DC4397766E,9B697DDD-E17F-4797-9562-A972E2989BD2,5F54E678-F237-477D-959E-08DC84A8A9D2,Puerta,0,2025-02-12 16:44:22.5086708,2025-08-12 20:09:52.9104895
01D37030-9BAD-4D9E-9AD3-A72461141232,A10313E6-4D60-4C90-26B5-08DC84ADECD9,58740869-2027-4917-9A66-C20003422F7C,A3799BB1-C2E1-4E07-95A0-08DC84A8A9D2,Switch 3,1,2025-08-19 17:40:14.9104112,2025-08-19 17:40:14.9104112
12FA7B85-1971-4F0D-8C62-A758CB1B28E6,27CF176D-2BF1-4EDC-A1BE-08DC4397766E,8A97714B-379B-41AB-988D-B1BE47199793,0440E616-A780-45C1-95A1-08DC84A8A9D2,Presión Agua Carbonatada,1,2025-03-24 22:18:32.9034750,2025-04-07 21:58:06.0385939
0FC43E3B-E301-4554-846C-A8582A8D9CE7,A10313E6-4D60-4C90-26B5-08DC84ADECD9,47C2D63D-9383-4869-AC61-8E517408AC92,A3799BB1-C2E1-4E07-95A0-08DC84A8A9D2,Switch 1,1,2025-09-15 21:30:59.7969509,2025-09-15 21:30:59.7969509
5A76CCF2-9AD5-4428-9A23-A861359B9E02,279BB078-A028-45C7-A1BA-08DC4397766E,E3849B31-369D-40B5-7AD4-08DC484D82CA,D4E53753-7F96-4124-26BD-08DC43962801,Humedad congelacion 1,0,2024-03-19 20:24:24.4622926,2024-06-04 17:11:34.1033333
B3E388EC-1CDB-4446-A265-A9E121E086B3,8DCFFF66-4B0E-42A0-26B4-08DC84ADECD9,776A7695-9650-46A0-8651-B02946E0E18E,0440E616-A780-45C1-95A1-08DC84A8A9D2,Cisterna Agua Externa,0,2025-02-18 20:57:23.1731571,2025-08-12 19:53:11.7862805
F570717C-63A1-4294-9A90-AAC2494C5400,A10313E6-4D60-4C90-26B5-08DC84ADECD9,95CB4A3D-417C-4C1B-9C18-C5B528853901,A3799BB1-C2E1-4E07-95A0-08DC84A8A9D2,Switch 1,1,2025-08-19 17:48:02.8638346,2025-08-19 17:48:02.8638346
A1C02B2D-B495-402A-9C97-AB0B2E873453,9D7377E0-82EC-49C1-A1BD-08DC4397766E,6E6C561F-2AB9-492B-8A2F-BF64804D9D7B,0440E616-A780-45C1-95A1-08DC84A8A9D2,Fase 2,1,2025-03-14 22:30:30.5452263,2025-03-14 22:30:30.5452263
B1F0741B-A8C4-4212-BE35-ABD715DA345C,A10313E6-4D60-4C90-26B5-08DC84ADECD9,21E8B456-E7CF-42C3-B324-67166220DF08,A3799BB1-C2E1-4E07-95A0-08DC84A8A9D2,Switch 1,1,2025-08-19 15:21:34.2194243,2025-08-19 15:21:34.2194243
1C6B2188-DE15-49C9-8513-B09BA9C17E91,27CF176D-2BF1-4EDC-A1BE-08DC4397766E,8DB1C508-58F3-481E-96A7-96CFB248FD06,0440E616-A780-45C1-95A1-08DC84A8A9D2,Presión agua carbonatada,1,2025-02-12 19:12:33.9336141,2025-05-19 18:36:12.4355657
575D8832-A0D4-4FF8-8782-B0B7760ED226,279BB078-A028-45C7-A1BA-08DC4397766E,14D14673-1348-48D9-83C5-CB13B662FA37,5F54E678-F237-477D-959E-08DC84A8A9D2,Humedad,1,2025-02-05 21:56:03.9196432,2025-08-18 18:29:29.4697160
EBBBED09-D1E3-4880-9024-B0F6054A279D,9ABA7228-87EF-482A-A1BB-08DC4397766E,E18D7D6D-CD8B-481F-843F-EA5AECE8BA3E,D719BE13-A4CD-4F8F-9157-08DD49F97E9E,Puerta,0,2025-03-04 22:00:59.9547401,2025-08-12 19:52:22.1533820
14490B60-D200-46E8-A1F2-B38B3B8A50B8,9D7377E0-82EC-49C1-A1BD-08DC4397766E,E8E356AD-5360-4F4E-B7B8-A23621B66905,683A07C0-2667-4561-A6CC-08DDF2109451,Fase 3,1,2025-09-12 16:31:10.4777133,2025-09-12 16:31:10.4777133
E9F99DDF-75C4-43AC-AC09-B452B31F25BF,5485A1F6-3775-436F-A1B9-08DC4397766E,61403F55-30BE-4257-9BC6-4872E73CDFC4,5F54E678-F237-477D-959E-08DC84A8A9D2,Temperatura,1,2025-03-14 22:41:46.0834020,2025-08-13 18:03:54.4000383
D080F284-C51F-4A48-A4D7-B7ACEC0672BA,9D7377E0-82EC-49C1-A1BD-08DC4397766E,9E09B069-82DE-4FBE-8CF1-97BF8B6A8490,9A0C8972-B925-434A-959F-08DC84A8A9D2,Acometida principal F1 Derivación 1,0,2024-06-04 15:51:16.7266958,2025-08-07 17:06:03.3482945
3884F7BE-9F92-4477-B3D7-B7CB4874B90C,279BB078-A028-45C7-A1BA-08DC4397766E,4C2A12D5-72AA-4D7F-90F4-652FCC491513,74990137-5845-4ECF-9156-08DD49F97E9E,Humedad,0,2025-03-06 16:06:45.1384476,2025-08-12 19:36:35.2001225
E80B7A9C-03ED-4876-B9A0-B7FE90068798,9ABA7228-87EF-482A-A1BB-08DC4397766E,6E6C561F-2AB9-492B-8A2F-BF64804D9D7B,5F54E678-F237-477D-959E-08DC84A8A9D2,Puerta,0,2025-03-14 22:36:13.4934985,2025-08-13 19:24:13.3324646
E1D6885D-441A-4FB0-A7AB-B84369B1E6EA,9D7377E0-82EC-49C1-A1BD-08DC4397766E,9B697DDD-E17F-4797-9562-A972E2989BD2,0440E616-A780-45C1-95A1-08DC84A8A9D2,Fase 2,1,2025-02-12 19:50:24.4248019,2025-02-12 19:50:24.4248019
66DAAD67-3A57-4012-A60B-B8688CD8E196,9D7377E0-82EC-49C1-A1BD-08DC4397766E,93D92608-4B66-41B5-B00F-B5B82AC52F3A,0440E616-A780-45C1-95A1-08DC84A8A9D2,Fase 1 Derivación 1,0,2025-03-10 16:15:40.5679271,2025-08-12 19:57:23.2515895
06510F82-0573-4CBF-90CC-B8990EE4DE1B,9D7377E0-82EC-49C1-A1BD-08DC4397766E,5A0FF473-2751-4B30-AF16-8F80FD7B83DE,683A07C0-2667-4561-A6CC-08DDF2109451,Fase 1,1,2025-09-12 16:38:25.9671657,2025-09-15 21:12:07.5559552
C89F5971-29D3-468F-A897-B9AE520A27DD,9D7377E0-82EC-49C1-A1BD-08DC4397766E,231BEA78-E25B-457B-08EC-08DC4396417D,D4E53753-7F96-4124-26BD-08DC43962801,Fase 2,1,2024-03-19 20:18:29.0189713,2024-03-19 20:18:29.0189713
D6EF7C78-CADB-4044-B7FB-BA42CA44B70C,9D7377E0-82EC-49C1-A1BD-08DC4397766E,4702B287-6C01-4096-B781-9AE410A506CA,D4E53753-7F96-4124-26BD-08DC43962801,Fase 1,1,2025-02-05 20:44:28.0910526,2025-02-05 20:44:28.0910526
F83D774C-AA33-44E1-B2AE-BD0FE1CAA084,9D7377E0-82EC-49C1-A1BD-08DC4397766E,776A7695-9650-46A0-8651-B02946E0E18E,0440E616-A780-45C1-95A1-08DC84A8A9D2,Bomba Rebombeo,0,2025-02-18 21:06:17.2797374,2025-08-12 19:53:06.3586926
DE7CE6C1-B973-4521-83B3-BDADE2209259,A10313E6-4D60-4C90-26B5-08DC84ADECD9,7931CB8C-16A5-4CA1-BF64-57255ED84A38,A3799BB1-C2E1-4E07-95A0-08DC84A8A9D2,Switch 2,0,2025-08-19 18:20:59.5067368,2025-08-28 19:11:21.4227129
CB498A94-7B26-426D-B379-BF29B76F3706,5485A1F6-3775-436F-A1B9-08DC4397766E,B3A1E542-766D-4DA3-952D-819C0B1C498D,5F54E678-F237-477D-959E-08DC84A8A9D2,Temperatura,1,2025-02-11 21:37:18.8561804,2025-08-12 18:36:43.9968918
AF7C88E7-3268-4D79-B599-C0AD279F5967,9D7377E0-82EC-49C1-A1BD-08DC4397766E,8CD4F345-9E85-44F2-A712-5C220D9259A9,9A0C8972-B925-434A-959F-08DC84A8A9D2,Fase 3 - Derivación 1,0,2025-03-07 15:11:21.5123957,2025-08-12 20:37:05.2697130
BBD8F1CE-31EA-423D-9C25-C101E8F57DF8,A10313E6-4D60-4C90-26B5-08DC84ADECD9,ED5B45ED-142D-4B09-B7A7-0349360AEA32,A3799BB1-C2E1-4E07-95A0-08DC84A8A9D2,Switch 1,1,2025-08-19 18:58:07.8660749,2025-08-19 18:58:07.8660749
1F39B8F2-7EE3-4EAF-9E70-C30E44B3258E,9D7377E0-82EC-49C1-A1BD-08DC4397766E,30FD6B3C-3187-447B-A5DF-5DAAE8B96BF4,0440E616-A780-45C1-95A1-08DC84A8A9D2,Fase 3,1,2025-03-06 15:48:28.1052402,2025-03-06 15:48:28.1052402
EBFC63FD-BB39-4E72-B4DF-C8F3E0BC7537,9D7377E0-82EC-49C1-A1BD-08DC4397766E,79A1B7F2-BC1A-4BAC-80C0-F37738E430E0,683A07C0-2667-4561-A6CC-08DDF2109451,Fase 3,1,2025-09-12 16:35:14.3083803,2025-09-12 16:35:14.3083803
75A9174E-DBB9-414D-B5CE-CB99296570DA,9D7377E0-82EC-49C1-A1BD-08DC4397766E,B3A1E542-766D-4DA3-952D-819C0B1C498D,0440E616-A780-45C1-95A1-08DC84A8A9D2,Fase 2,1,2025-02-12 19:21:45.3688025,2025-02-12 19:21:45.3688025
EC713D20-4516-4159-B02C-CC3162EC6BA2,9D7377E0-82EC-49C1-A1BD-08DC4397766E,B1CF61F6-DBDC-420F-857C-185D01F6C445,0440E616-A780-45C1-95A1-08DC84A8A9D2,Fase 3 Derivación 2,0,2025-03-06 17:36:29.7877864,2025-08-12 19:55:53.7480345
B6A81B90-135A-44DC-89AA-CC7A41556C3B,9ABA7228-87EF-482A-A1BB-08DC4397766E,D22D6A99-60C7-4CD1-8A1D-96A8A83848B0,5F54E678-F237-477D-959E-08DC84A8A9D2,Estado de caja fuerte,0,2025-02-11 19:49:58.5777247,2025-08-12 19:54:05.9810845
6C102D71-68B6-42DF-AC38-CE026F7C2E56,9D7377E0-82EC-49C1-A1BD-08DC4397766E,CF92A35A-0B92-4DFA-A9EA-8A54150DDACD,0440E616-A780-45C1-95A1-08DC84A8A9D2,Fase 1 Bomba 2,0,2025-02-07 20:21:12.2621194,2025-08-12 20:34:40.2682935
9FC3299C-4C04-4752-A12A-CE5805FF26A5,A10313E6-4D60-4C90-26B5-08DC84ADECD9,7B7ADD59-43C7-45C8-B485-F0D388EC3658,A3799BB1-C2E1-4E07-95A0-08DC84A8A9D2,Alumbrado exterior 1 switch 1,1,2024-06-04 16:42:55.7492427,2024-06-04 16:42:55.7492427
94AC4897-6805-49C2-93C3-CE9B04218F96,9D7377E0-82EC-49C1-A1BD-08DC4397766E,9E09B069-82DE-4FBE-8CF1-97BF8B6A8490,9A0C8972-B925-434A-959F-08DC84A8A9D2,Acometida principal F3 Derivación 1,0,2024-06-04 15:53:42.6274188,2025-08-07 17:06:07.8630750
ADF734FB-414F-44FC-8D58-CEEFB4DB38E1,9D7377E0-82EC-49C1-A1BD-08DC4397766E,ECC33A2E-0C26-48D4-9696-FD22ECD80785,0440E616-A780-45C1-95A1-08DC84A8A9D2,Fase 3 Derivación 1,0,2025-03-24 22:27:17.9210561,2025-08-13 19:12:37.7139285
C1F3B42D-CC28-47E7-A4EF-CF24098B0FF5,5485A1F6-3775-436F-A1B9-08DC4397766E,AD762D7A-6363-48CC-ACB1-F426EFE8AB01,5F54E678-F237-477D-959E-08DC84A8A9D2,Temperatura,1,2025-02-05 22:43:11.2653511,2025-08-18 18:39:46.1737063
E8A17600-EF11-46D9-A6EC-D0EB7E9DEAC8,9D7377E0-82EC-49C1-A1BD-08DC4397766E,BB5BBE83-095D-404B-08ED-08DC4396417D,D4E53753-7F96-4124-26BD-08DC43962801,Fase 1 Bomba 1,0,2024-03-19 18:54:04.7825159,2025-08-07 17:46:36.0212719
203544DF-091F-48D6-A8EC-D14833763022,9ABA7228-87EF-482A-A1BB-08DC4397766E,9D5E9B81-70CE-4DD6-90D0-006F7DA796FA,5F54E678-F237-477D-959E-08DC84A8A9D2,Puerta Principal,0,2025-03-06 15:01:22.0787038,2025-08-12 19:39:34.1909298
BB70DCF9-8B7F-4B5A-B8EA-D18A6136E2F0,9ABA7228-87EF-482A-A1BB-08DC4397766E,171300FD-431A-4F51-959C-31BDD3AB3A9E,5F54E678-F237-477D-959E-08DC84A8A9D2,Estado de caja fuerte,0,2025-02-10 19:19:06.2063451,2025-08-12 19:17:29.1552679
B275AFA8-6A75-4D4E-A508-D29CEE51B456,9D7377E0-82EC-49C1-A1BD-08DC4397766E,0DBB34B5-7F5C-4EAD-9E2F-7351B2AFA161,0440E616-A780-45C1-95A1-08DC84A8A9D2,Fase 3,1,2025-03-07 16:28:50.9886256,2025-03-07 16:28:50.9886256
BA18A20D-E038-4C12-8FF3-D32C5EE0227A,9D7377E0-82EC-49C1-A1BD-08DC4397766E,CDFD0AEB-4BC5-40E5-86BC-1E224FA4EAD0,0440E616-A780-45C1-95A1-08DC84A8A9D2,Bomba Rebombeo,0,2025-02-20 19:05:15.4605378,2025-08-12 19:24:32.4679706
FAABC39E-0CEF-451A-A5B7-D39E20C683D2,9D7377E0-82EC-49C1-A1BD-08DC4397766E,9F60A0E9-1DD8-4595-7AD6-08DC484D82CA,D4E53753-7F96-4124-26BD-08DC43962801,Corriente resistencia deshielo,1,2024-03-19 20:29:05.0889515,2024-03-19 20:29:05.0889515
4853AF79-447D-44D2-8CA2-D40B03294DF9,279BB078-A028-45C7-A1BA-08DC4397766E,7EC58114-5C57-4D22-AC0B-8B218889DB09,74990137-5845-4ECF-9156-08DD49F97E9E,Humedad,0,2025-03-04 21:51:03.2574197,2025-08-12 19:35:11.0281478
25298475-5B52-456D-A3FF-D528E97BF89D,5485A1F6-3775-436F-A1B9-08DC4397766E,9B697DDD-E17F-4797-9562-A972E2989BD2,5F54E678-F237-477D-959E-08DC84A8A9D2,Temperatura,1,2025-02-12 16:37:06.3701707,2025-08-12 18:41:05.0095705
13399D5E-CD53-4F6C-BB8F-D67C967F9782,9D7377E0-82EC-49C1-A1BD-08DC4397766E,93D92608-4B66-41B5-B00F-B5B82AC52F3A,0440E616-A780-45C1-95A1-08DC84A8A9D2,Fase 1 Derivación 2,0,2025-03-10 17:27:58.3703998,2025-08-12 19:57:27.4683073
7A0F5B52-5EFA-42F2-A02C-D6D86BC91B7D,8DCFFF66-4B0E-42A0-26B4-08DC84ADECD9,CF92A35A-0B92-4DFA-A9EA-8A54150DDACD,0440E616-A780-45C1-95A1-08DC84A8A9D2,Cisterna Agua Externa,0,2025-02-07 20:16:40.8003051,2025-08-12 20:34:35.6619018
766D4750-AA2E-42E7-8B51-D7CE4505A24C,9D7377E0-82EC-49C1-A1BD-08DC4397766E,776A7695-9650-46A0-8651-B02946E0E18E,0440E616-A780-45C1-95A1-08DC84A8A9D2,Fase 1 Bomba 1,0,2025-02-18 21:07:43.1048154,2025-08-12 19:53:01.5942504
7ECC7150-1542-498B-BBCF-D90479282600,9D7377E0-82EC-49C1-A1BD-08DC4397766E,E8E356AD-5360-4F4E-B7B8-A23621B66905,683A07C0-2667-4561-A6CC-08DDF2109451,Fase 2,1,2025-09-12 16:30:38.4170758,2025-09-12 16:30:38.4170758
56CADBD9-A8CF-47A7-A260-D958F27D8404,279BB078-A028-45C7-A1BA-08DC4397766E,9B697DDD-E17F-4797-9562-A972E2989BD2,5F54E678-F237-477D-959E-08DC84A8A9D2,Humedad,1,2025-02-12 16:34:12.6264760,2025-08-12 18:41:15.9599452
3F6E0518-A689-4E74-9D6E-D992F0D2157E,A10313E6-4D60-4C90-26B5-08DC84ADECD9,68CDDBC6-298E-4DDE-88CB-6C03AD5D24D1,A3799BB1-C2E1-4E07-95A0-08DC84A8A9D2,Switch 2,1,2025-08-19 17:44:05.8303700,2025-08-19 17:44:05.8303700
467AEEEC-E69A-42FA-8A07-D9C72F513E9D,5485A1F6-3775-436F-A1B9-08DC4397766E,6D978128-9663-4924-7AD8-08DC484D82CA,D4E53753-7F96-4124-26BD-08DC43962801,Temperatura playland 1,0,2024-03-19 20:38:05.4380757,2025-08-07 16:52:13.6671223
8BF5C78C-6868-4C3C-82F9-DACF21790984,9D7377E0-82EC-49C1-A1BD-08DC4397766E,3E4C183B-2BC4-4E1F-7AD5-08DC484D82CA,D4E53753-7F96-4124-26BD-08DC43962801,Fase 2,1,2024-03-19 20:30:30.6244779,2024-03-19 20:30:30.6244779
56AEC9CA-80D8-4D84-90C4-DAF6A88819B3,5485A1F6-3775-436F-A1B9-08DC4397766E,7E8F020E-AFA7-48E0-82F6-BDCEC9F099A7,B77A6FDA-F0C6-4C10-A6CB-08DDF2109451,Temperatura Actual,1,2025-09-12 17:10:03.5927463,2025-09-12 17:10:03.5927463
F069D4F6-8EAE-402B-8C60-DB51127AA4B5,5485A1F6-3775-436F-A1B9-08DC4397766E,7433F83E-62EC-47A2-AE5A-451C0F7BECB1,74990137-5845-4ECF-9156-08DD49F97E9E,Temperatura,0,2025-03-21 20:45:21.7126940,2025-08-12 21:03:13.6573727
61EC474E-5ABA-4597-A052-DC68465E91CB,9D7377E0-82EC-49C1-A1BD-08DC4397766E,696FE373-EA4F-413F-A29E-BD43B6746F4A,0440E616-A780-45C1-95A1-08DC84A8A9D2,Fase 3,1,2025-02-10 18:28:17.8909549,2025-02-10 18:28:17.8909549
ACE8B091-54D2-4885-8DDC-DD83E7EE59F1,9D7377E0-82EC-49C1-A1BD-08DC4397766E,2BDB43FB-C3EE-4D08-AA96-7FF5BF3904A6,0440E616-A780-45C1-95A1-08DC84A8A9D2,Fase 2,1,2025-02-10 21:42:37.7631547,2025-02-10 21:42:37.7631547
7FDCC063-76F4-4D3C-B4C0-DDF389CD39A6,9ABA7228-87EF-482A-A1BB-08DC4397766E,30FD6B3C-3187-447B-A5DF-5DAAE8B96BF4,5F54E678-F237-477D-959E-08DC84A8A9D2,Puerta,0,2025-03-06 15:26:46.7148088,2025-08-12 19:41:40.1375618
6E3FC838-FCFA-4C70-AB35-DF8B6652C71B,279BB078-A028-45C7-A1BA-08DC4397766E,1754BCEC-13F0-4DF9-A8B0-2BB1B503631D,74990137-5845-4ECF-9156-08DD49F97E9E,Humedad,0,2025-02-10 18:31:11.9527032,2025-08-12 19:11:14.7482807
74D31293-9AF0-457E-87B3-E3365C85E7D9,9D7377E0-82EC-49C1-A1BD-08DC4397766E,42D07B06-A180-4ED7-B3C0-FB91C4A7EFFC,9A0C8972-B925-434A-959F-08DC84A8A9D2,Fase 1,1,2025-02-07 17:21:23.8791922,2025-02-07 17:21:23.8791922
A7307746-5935-4136-80B9-E34847D921DA,5485A1F6-3775-436F-A1B9-08DC4397766E,E8E356AD-5360-4F4E-B7B8-A23621B66905,74990137-5845-4ECF-9156-08DD49F97E9E,Temperatura,1,2025-09-12 15:42:46.8229435,2025-09-12 15:42:46.8229435
0D4E7904-8453-4793-AC0A-E3BC77F8E7AE,9ABA7228-87EF-482A-A1BB-08DC4397766E,61403F55-30BE-4257-9BC6-4872E73CDFC4,5F54E678-F237-477D-959E-08DC84A8A9D2,Puerta Principal,0,2025-03-14 22:43:04.6459561,2025-08-13 19:21:58.3360604
8C8E2F42-C632-4322-A083-E3D21358C514,A10313E6-4D60-4C90-26B5-08DC84ADECD9,2B081F0F-49D1-4AA3-B4B7-06395AA14DE0,A3799BB1-C2E1-4E07-95A0-08DC84A8A9D2,Switch 2,1,2025-09-12 18:12:35.1520776,2025-09-12 18:12:35.1520776
EF1195AA-64FF-4A64-9056-E3F741FF0EF8,5485A1F6-3775-436F-A1B9-08DC4397766E,DE14B35C-F053-4734-A381-343691B35F01,5F54E678-F237-477D-959E-08DC84A8A9D2,Temperatura,0,2025-02-05 21:17:57.5827939,2025-08-12 21:02:15.8701348
23E314DF-C281-4CEA-AD83-E748A44B09AC,A10313E6-4D60-4C90-26B5-08DC84ADECD9,16215150-DCAF-4440-BC8C-1101B69BDBAE,A3799BB1-C2E1-4E07-95A0-08DC84A8A9D2,Switch 2,0,2025-08-19 18:25:39.3403155,2025-08-28 19:12:29.3331737
C36D46C6-382B-4CE5-B7CF-E7E0550BAD84,9D7377E0-82EC-49C1-A1BD-08DC4397766E,53838C72-6170-42B3-9747-36E93D523143,0440E616-A780-45C1-95A1-08DC84A8A9D2,Bomba Rebombeo,0,2025-03-21 16:31:28.7529264,2025-08-12 19:49:06.9804437
B987DE49-EAEA-4AB1-8E8A-E8146C251C5C,8DCFFF66-4B0E-42A0-26B4-08DC84ADECD9,C361A8AB-D325-41FD-7AD2-08DC484D82CA,0440E616-A780-45C1-95A1-08DC84A8A9D2,Cisterna Agua Interna,0,2024-06-04 16:57:38.1720754,2025-08-07 17:56:14.3163642
1AE5C2D9-8D12-42C7-B8E7-E8A4BA9F2A2C,9D7377E0-82EC-49C1-A1BD-08DC4397766E,8CD4F345-9E85-44F2-A712-5C220D9259A9,9A0C8972-B925-434A-959F-08DC84A8A9D2,Fase 1 - Derivación 1,0,2025-02-05 21:38:30.2086471,2025-08-12 20:37:09.5142813
503B6E42-86B7-4E76-9531-E936177E4F45,9D7377E0-82EC-49C1-A1BD-08DC4397766E,CF92A35A-0B92-4DFA-A9EA-8A54150DDACD,0440E616-A780-45C1-95A1-08DC84A8A9D2,Bomba Rebombeo,0,2025-02-07 20:18:57.7115951,2025-08-12 20:34:26.8047838
6DF8C197-C29E-4A82-A42C-E9FA4CA1EED8,279BB078-A028-45C7-A1BA-08DC4397766E,E8E356AD-5360-4F4E-B7B8-A23621B66905,74990137-5845-4ECF-9156-08DD49F97E9E,Humedad,1,2025-09-12 15:45:07.9063294,2025-09-12 15:45:07.9063294
00433B32-4846-4311-8903-EABF64392F29,9D7377E0-82EC-49C1-A1BD-08DC4397766E,93D92608-4B66-41B5-B00F-B5B82AC52F3A,0440E616-A780-45C1-95A1-08DC84A8A9D2,Fase 3 Derivación 2,0,2025-03-10 17:31:03.8250050,2025-08-12 19:57:31.7487046
315AF56B-2340-4AE7-A4B6-ECD2EF002EEF,9D7377E0-82EC-49C1-A1BD-08DC4397766E,3FF9E0C5-E968-4CAE-B8B1-9482B8EB386F,9A0C8972-B925-434A-959F-08DC84A8A9D2,Fase 2,1,2024-06-04 16:05:37.6362611,2024-06-04 16:05:37.6362611
FAA3CF63-C511-494A-847C-EEA29D3D7B97,9D7377E0-82EC-49C1-A1BD-08DC4397766E,8CD4F345-9E85-44F2-A712-5C220D9259A9,9A0C8972-B925-434A-959F-08DC84A8A9D2,Fase 2 - Derivación 2,0,2025-02-05 21:42:55.2190757,2025-08-12 20:37:13.9149865
52A5538A-27DE-4404-886B-EF2AB8B9B1CE,9D7377E0-82EC-49C1-A1BD-08DC4397766E,79A1B7F2-BC1A-4BAC-80C0-F37738E430E0,683A07C0-2667-4561-A6CC-08DDF2109451,Fase 2,1,2025-09-12 16:33:48.4666806,2025-09-12 16:33:48.4666806
E0B71FC2-08E2-4063-8971-F194645B187E,27CF176D-2BF1-4EDC-A1BE-08DC4397766E,586AE34D-0C13-4FA5-7ACF-08DC484D82CA,D4E53753-7F96-4124-26BD-08DC43962801,Presion 1,1,2024-03-19 19:49:50.4026277,2024-03-19 19:49:50.4026277
A9690F8D-214B-4784-AF3C-F200728279A9,5485A1F6-3775-436F-A1B9-08DC4397766E,D27783B9-DBE2-4250-9DC7-F8C073A96EEF,5F54E678-F237-477D-959E-08DC84A8A9D2,Temperatura,1,2025-02-10 21:21:06.3798414,2025-08-12 18:52:19.5335374
09FE852A-FA61-47B8-85A7-F3210723FCB5,9ABA7228-87EF-482A-A1BB-08DC4397766E,14D14673-1348-48D9-83C5-CB13B662FA37,5F54E678-F237-477D-959E-08DC84A8A9D2,Estado puerta de cuarto de conservación,0,2025-02-05 21:58:19.3930465,2025-08-18 18:33:11.4613202
E502750D-7DBE-4F1B-A064-F330E3E44407,9ABA7228-87EF-482A-A1BB-08DC4397766E,AD762D7A-6363-48CC-ACB1-F426EFE8AB01,5F54E678-F237-477D-959E-08DC84A8A9D2,Puerta,0,2025-02-05 22:39:23.1680712,2025-08-18 18:41:43.0198494
741D03A4-15C1-49DB-86CE-F35675857C38,279BB078-A028-45C7-A1BA-08DC4397766E,32E2C47E-D9A7-4B90-85BF-A049537A3B85,74990137-5845-4ECF-9156-08DD49F97E9E,Humedad,1,2025-09-12 15:55:20.2578441,2025-09-12 15:55:20.2578441
8C0EBEDF-FFE6-4047-AC95-F3E20F6E1ED8,9D7377E0-82EC-49C1-A1BD-08DC4397766E,9F057CEF-130A-4465-AD7F-D7A59BD77C8F,0440E616-A780-45C1-95A1-08DC84A8A9D2,Fase 1 Bomba 1,0,2025-03-24 22:45:13.5856455,2025-08-13 19:19:23.4668593
62DBC359-5B75-4DE6-8BB3-F46C4D8F1929,27CF176D-2BF1-4EDC-A1BE-08DC4397766E,3FF9E0C5-E968-4CAE-B8B1-9482B8EB386F,9A0C8972-B925-434A-959F-08DC84A8A9D2,Presión agua carbonatada,1,2024-06-04 16:06:57.7478903,2024-06-04 16:06:57.7478903
CF23480A-608D-44E0-A5DD-F5BC427AF01D,279BB078-A028-45C7-A1BA-08DC4397766E,DE14B35C-F053-4734-A381-343691B35F01,5F54E678-F237-477D-959E-08DC84A8A9D2,Humedad,0,2025-02-05 21:16:40.1561826,2025-08-12 21:02:20.1231821
1299E5A1-D45F-4D28-9B8A-F6688F76645F,27CF176D-2BF1-4EDC-A1BE-08DC4397766E,2BDB43FB-C3EE-4D08-AA96-7FF5BF3904A6,0440E616-A780-45C1-95A1-08DC84A8A9D2,Presión agua carbonatada,1,2025-02-10 21:45:36.7361817,2025-02-10 21:45:36.7361817
AC082450-8D0C-4407-9FE6-F68C12B3C4CA,9D7377E0-82EC-49C1-A1BD-08DC4397766E,55C1A24A-986E-49CC-85EF-3AEC76375CFC,0440E616-A780-45C1-95A1-08DC84A8A9D2,Fase 1 Derivación 1,0,2025-03-10 17:39:48.9282588,2025-08-12 19:14:59.8984930
AC900FE4-2414-4362-972E-F6B045EF70AB,9D7377E0-82EC-49C1-A1BD-08DC4397766E,ECC33A2E-0C26-48D4-9696-FD22ECD80785,0440E616-A780-45C1-95A1-08DC84A8A9D2,Fase 2 Derivación 2,0,2025-03-24 22:29:06.5612665,2025-08-13 19:12:41.8237072
83C3CEA1-DE53-43E3-9F74-F83D26F12097,9D7377E0-82EC-49C1-A1BD-08DC4397766E,776A7695-9650-46A0-8651-B02946E0E18E,0440E616-A780-45C1-95A1-08DC84A8A9D2,Fase 1 Bomba 2,0,2025-02-18 21:09:43.9297014,2025-08-12 19:52:57.0765434
0A1862D9-A64D-4479-B27D-F8CF40778DB1,9D7377E0-82EC-49C1-A1BD-08DC4397766E,B3A1E542-766D-4DA3-952D-819C0B1C498D,0440E616-A780-45C1-95A1-08DC84A8A9D2,Fase 1,1,2025-02-12 19:20:29.5708825,2025-02-12 19:20:29.5708825
E1BD0FCD-5403-4DF6-8851-F8E1A5720F6A,9D7377E0-82EC-49C1-A1BD-08DC4397766E,B1CF61F6-DBDC-420F-857C-185D01F6C445,0440E616-A780-45C1-95A1-08DC84A8A9D2,Fase 2 Derivación 2,0,2025-03-06 17:35:35.9038364,2025-08-12 19:55:59.3902332
B32B661D-2EE3-48FB-B658-FA3C6D007A77,27CF176D-2BF1-4EDC-A1BE-08DC4397766E,9F057CEF-130A-4465-AD7F-D7A59BD77C8F,0440E616-A780-45C1-95A1-08DC84A8A9D2,Presión Agua Interna,0,2025-03-24 22:47:27.4212948,2025-08-27 15:32:44.2998445
39C684B6-242B-44AC-BA73-FBE9DD560887,A10313E6-4D60-4C90-26B5-08DC84ADECD9,FAAF57D0-DCD3-4E8A-8C9A-57914F0F29CC,A3799BB1-C2E1-4E07-95A0-08DC84A8A9D2,Switch 1,1,2025-08-19 18:51:58.3832280,2025-08-19 18:51:58.3832280
A50DAA17-0CAC-4A8C-9EBE-FD143D8A289D,9D7377E0-82EC-49C1-A1BD-08DC4397766E,B1CF61F6-DBDC-420F-857C-185D01F6C445,0440E616-A780-45C1-95A1-08DC84A8A9D2,Fase 1 Derivación 2,0,2025-03-06 17:33:12.1739240,2025-08-12 19:56:05.4156703
29EC17D9-44F2-4EA9-85B6-FD59DD72B712,5485A1F6-3775-436F-A1B9-08DC4397766E,D9F619E6-1F2C-426E-9570-629B43CDA015,74990137-5845-4ECF-9156-08DD49F97E9E,Temperatura,0,2025-02-11 19:45:23.2233013,2025-08-12 20:00:25.3548101
8AE75E76-E501-4BC8-A0A7-FEF0EF1EA6F3,9D7377E0-82EC-49C1-A1BD-08DC4397766E,9B697DDD-E17F-4797-9562-A972E2989BD2,0440E616-A780-45C1-95A1-08DC84A8A9D2,Resistencia deshielo,1,2025-02-12 19:42:38.8056863,2025-02-12 19:42:38.8056863
